period,source_url,sha256,compressed_bytes,member_name,uncompressed_bytes,encoding,delimiter,header_line_number,metadata_line_count,columns,row_count,malformed_row_count,document_count,institution_count,account_count,declared_period_count,declared_periods,period_matches,source_generated_at
202501,https://www.bcb.gov.br/content/estabilidadefinanceira/cosif/Bancos/202501BANCOS.csv.zip,167bcf1231df1601314f6a3a669a5b548a872f383d067e52b47bdfb6a0322479,913280,202501BANCOS.CSV,6222449,cp1252,;,4,3,DATA_BASE|DOCUMENTO|CNPJ|AGENCIA|NOME_INSTITUICAO|COD_CONGL|NOME_CONGL|TAXONOMIA|CONTA|NOME_CONTA|SALDO,50236,0,1,174,981,1,202501,True,2025-11-21
202502,https://www.bcb.gov.br/content/estabilidadefinanceira/cosif/Bancos/202502BANCOS.csv.zip,0bb9539164f50976d5f4396d1ed586b2cbe2d7b0a75d18a1f7a278444787340d,929227,202502BANCOS.CSV,6278983,cp1252,;,4,3,DATA_BASE|DOCUMENTO|CNPJ|AGENCIA|NOME_INSTITUICAO|COD_CONGL|NOME_CONGL|TAXONOMIA|CONTA|NOME_CONTA|SALDO,50664,0,1,174,980,1,202502,True,2025-11-21
202503,https://www.bcb.gov.br/content/estabilidadefinanceira/cosif/Bancos/202503BANCOS.csv.zip,489ce381f2313fdda5e849eb05bf362a18ae6cf7698e855a36396c76a3f3e444,941499,202503BANCOS.CSV,6339957,cp1252,;,4,3,DATA_BASE|DOCUMENTO|CNPJ|AGENCIA|NOME_INSTITUICAO|COD_CONGL|NOME_CONGL|TAXONOMIA|CONTA|NOME_CONTA|SALDO,51131,0,1,174,987,1,202503,True,2025-11-21
202504,https://www.bcb.gov.br/content/estabilidadefinanceira/cosif/Bancos/202504BANCOS.csv.zip,a90f3cee41713ec1aa6dde69e9cadb106226ca1aa940d839f73e8dc17fd4d1a1,956580,202504BANCOS.CSV,6417402,cp1252,;,4,3,DATA_BASE|DOCUMENTO|CNPJ|AGENCIA|NOME_INSTITUICAO|COD_CONGL|NOME_CONGL|TAXONOMIA|CONTA|NOME_CONTA|SALDO,51563,0,1,175,991,1,202504,True,2026-05-29
202505,https://www.bcb.gov.br/content/estabilidadefinanceira/cosif/Bancos/202505BANCOS.csv.zip,ddff153357d66cad7f1fe2292b1c2bf3ce6e5330b12b37242b7ef3c5ecee9494,961409,202505BANCOS.CSV,6445186,cp1252,;,4,3,DATA_BASE|DOCUMENTO|CNPJ|AGENCIA|NOME_INSTITUICAO|COD_CONGL|NOME_CONGL|TAXONOMIA|CONTA|NOME_CONTA|SALDO,51760,0,1,175,993,1,202505,True,2026-05-29
202506,https://www.bcb.gov.br/content/estabilidadefinanceira/cosif/Bancos/202506BANCOS.csv.zip,8e19913e741e6805e716b312f57ec772dc822b58f624b08f5423aa992e5c2614,1553848,202506BANCOS.CSV,11027493,cp1252,;,4,3,DATA_BASE|DOCUMENTO|CNPJ|AGENCIA|NOME_INSTITUICAO|COD_CONGL|NOME_CONGL|TAXONOMIA|CONTA|NOME_CONTA|SALDO,88650,0,2,176,993,1,202506,True,2026-05-29
202507,https://www.bcb.gov.br/content/estabilidadefinanceira/cosif/Bancos/202507BANCOS.csv.zip,d6c4b063a940d729600d3d71fe4be502e63543fc798195102c2de8ec23350106,920762,202507BANCOS.CSV,6240858,cp1252,;,4,3,DATA_BASE|DOCUMENTO|CNPJ|AGENCIA|NOME_INSTITUICAO|COD_CONGL|NOME_CONGL|TAXONOMIA|CONTA|NOME_CONTA|SALDO,50257,0,1,175,986,1,202507,True,2026-05-31
202508,https://www.bcb.gov.br/content/estabilidadefinanceira/cosif/Bancos/202508BANCOS.csv.zip,974e094eeafee6cfbc64a00280dfbe95f43c66c0f9ef9e2dc02603f83382e658,924160,202508BANCOS.CSV,6230794,cp1252,;,4,3,DATA_BASE|DOCUMENTO|CNPJ|AGENCIA|NOME_INSTITUICAO|COD_CONGL|NOME_CONGL|TAXONOMIA|CONTA|NOME_CONTA|SALDO,50171,0,1,172,981,1,202508,True,2026-05-31
202509,https://www.bcb.gov.br/content/estabilidadefinanceira/cosif/Bancos/202509BANCOS.csv.zip,ff36100529530c4ced654100cc0cca3806b4b07de8523e1bb7c9dd534f9d0203,932498,202509BANCOS.CSV,6257291,cp1252,;,4,3,DATA_BASE|DOCUMENTO|CNPJ|AGENCIA|NOME_INSTITUICAO|COD_CONGL|NOME_CONGL|TAXONOMIA|CONTA|NOME_CONTA|SALDO,50363,0,1,171,978,1,202509,True,2026-05-31
202510,https://www.bcb.gov.br/content/estabilidadefinanceira/cosif/Bancos/202510BANCOS.csv.zip,8cc1b38a2d4ec9724b9ee47aa9a3375ce9cf4f23c088f5b9e0080a3d0a9f4fb5,931482,202510BANCOS.CSV,6244345,cp1252,;,4,3,DATA_BASE|DOCUMENTO|CNPJ|AGENCIA|NOME_INSTITUICAO|COD_CONGL|NOME_CONGL|TAXONOMIA|CONTA|NOME_CONTA|SALDO,50271,0,1,170,971,1,202510,True,2026-05-31
202511,https://www.bcb.gov.br/content/estabilidadefinanceira/cosif/Bancos/202511BANCOS.csv.zip,7d9b416436fcd7b02ad8ec8961c31a5276930d62033cc1d607d14d247e319709,946711,202511BANCOS.CSV,6320143,cp1252,;,4,3,DATA_BASE|DOCUMENTO|CNPJ|AGENCIA|NOME_INSTITUICAO|COD_CONGL|NOME_CONGL|TAXONOMIA|CONTA|NOME_CONTA|SALDO,50838,0,1,171,976,1,202511,True,2026-08-03
202512,https://www.bcb.gov.br/content/estabilidadefinanceira/cosif/Bancos/202512BANCOS.zip.csv.zip,fd2af0b45df3928f84ea7510b7a4453c22eea936e502b7b0b6b04e6088369641,1497263,202512BANCOS.CSV,10645177,cp1252,;,4,3,DATA_BASE|DOCUMENTO|CNPJ|AGENCIA|NOME_INSTITUICAO|COD_CONGL|NOME_CONGL|TAXONOMIA|CONTA|NOME_CONTA|SALDO,85732,0,2,171,974,1,202512,True,2026-04-01
202601,https://www.bcb.gov.br/content/estabilidadefinanceira/cosif/Bancos/202601BANCOS.csv.zip,d99a014547ae7a433e11bb01c2c2c5236394328e9ddfc23b7edf28608723828d,902381,202601BANCOS.CSV,6124204,cp1252,;,4,3,DATA_BASE|DOCUMENTO|CNPJ|AGENCIA|NOME_INSTITUICAO|COD_CONGL|NOME_CONGL|TAXONOMIA|CONTA|NOME_CONTA|SALDO,49364,0,1,171,978,1,202601,True,2026-08-03
202602,https://www.bcb.gov.br/content/estabilidadefinanceira/cosif/Bancos/202602BANCOS.csv.zip,42b895b9ac76dbd855a5ad8e93909bcf6594a318620de0e3c35e1d0f6e580958,917731,202602BANCOS.CSV,6179787,cp1252,;,4,3,DATA_BASE|DOCUMENTO|CNPJ|AGENCIA|NOME_INSTITUICAO|COD_CONGL|NOME_CONGL|TAXONOMIA|CONTA|NOME_CONTA|SALDO,49765,0,1,170,1005,1,202602,True,2026-08-03
202603,https://www.bcb.gov.br/content/estabilidadefinanceira/cosif/Bancos/202603BANCOS.csv.zip,7182290443ade7d8de26c8e0522ac2ae946a754f88065037725421b32441571d,934678,202603BANCOS.CSV,6249733,cp1252,;,4,3,DATA_BASE|DOCUMENTO|CNPJ|AGENCIA|NOME_INSTITUICAO|COD_CONGL|NOME_CONGL|TAXONOMIA|CONTA|NOME_CONTA|SALDO,50273,0,1,170,1011,1,202603,True,2026-08-03
