period,period_version,is_active,title,source_url,document_date,discovered_at_utc,error
202603,1,True,03/2026,https://www.bcb.gov.br/content/estabilidadefinanceira/cosif/Bancos/202603BANCOS.csv.zip,2026-03-01T03:00:00Z,2026-08-10T23:53:12+00:00,
202602,1,True,02/2026,https://www.bcb.gov.br/content/estabilidadefinanceira/cosif/Bancos/202602BANCOS.csv.zip,2026-02-01T03:00:00Z,2026-08-10T23:53:12+00:00,
202601,1,True,01/2026,https://www.bcb.gov.br/content/estabilidadefinanceira/cosif/Bancos/202601BANCOS.csv.zip,2026-01-01T03:00:00Z,2026-08-10T23:53:12+00:00,
202512,1,False,12/2025,https://www.bcb.gov.br/content/estabilidadefinanceira/cosif/Bancos/202512BANCOS.csv.zip,2025-12-01T03:00:00Z,2026-08-10T23:53:12+00:00,
202511,1,True,11/2025,https://www.bcb.gov.br/content/estabilidadefinanceira/cosif/Bancos/202511BANCOS.csv.zip,2025-11-01T03:00:00Z,2026-08-10T23:53:12+00:00,
202510,1,True,10/2025,https://www.bcb.gov.br/content/estabilidadefinanceira/cosif/Bancos/202510BANCOS.csv.zip,2025-10-01T03:00:00Z,2026-08-10T23:53:12+00:00,
202509,1,True,09/2025,https://www.bcb.gov.br/content/estabilidadefinanceira/cosif/Bancos/202509BANCOS.csv.zip,2025-09-01T03:00:00Z,2026-08-10T23:53:12+00:00,
202508,1,True,08/2025,https://www.bcb.gov.br/content/estabilidadefinanceira/cosif/Bancos/202508BANCOS.csv.zip,2025-08-01T03:00:00Z,2026-08-10T23:53:12+00:00,
202507,1,True,07/2025,https://www.bcb.gov.br/content/estabilidadefinanceira/cosif/Bancos/202507BANCOS.csv.zip,2025-07-01T03:00:00Z,2026-08-10T23:53:12+00:00,
202506,1,True,06/2025,https://www.bcb.gov.br/content/estabilidadefinanceira/cosif/Bancos/202506BANCOS.csv.zip,2025-06-01T03:00:00Z,2026-08-10T23:53:12+00:00,
202505,1,True,05/2025,https://www.bcb.gov.br/content/estabilidadefinanceira/cosif/Bancos/202505BANCOS.csv.zip,2025-05-01T03:00:00Z,2026-08-10T23:53:12+00:00,
202504,1,True,04/2025,https://www.bcb.gov.br/content/estabilidadefinanceira/cosif/Bancos/202504BANCOS.csv.zip,2025-04-01T03:00:00Z,2026-08-10T23:53:12+00:00,
202503,1,True,03/2025,https://www.bcb.gov.br/content/estabilidadefinanceira/cosif/Bancos/202503BANCOS.csv.zip,2025-03-01T03:00:00Z,2026-08-10T23:53:12+00:00,
202502,1,True,02/2025,https://www.bcb.gov.br/content/estabilidadefinanceira/cosif/Bancos/202502BANCOS.csv.zip,2025-02-01T03:00:00Z,2026-08-10T23:53:12+00:00,
202501,1,True,01/2025,https://www.bcb.gov.br/content/estabilidadefinanceira/cosif/Bancos/202501BANCOS.csv.zip,2025-01-01T03:00:00Z,2026-08-10T23:53:12+00:00,
202412,1,True,12/2024,https://www.bcb.gov.br/content/estabilidadefinanceira/cosif/Bancos/202412BANCOS.csv.zip,2024-12-01T03:00:00Z,2026-08-10T23:53:12+00:00,
202411,1,True,11/2024,https://www.bcb.gov.br/content/estabilidadefinanceira/cosif/Bancos/202411BANCOS.csv.zip,2024-11-01T03:00:00Z,2026-08-10T23:53:12+00:00,
202410,1,True,10/2024,https://www.bcb.gov.br/content/estabilidadefinanceira/cosif/Bancos/202410BANCOS.csv.zip,2024-10-01T03:00:00Z,2026-08-10T23:53:12+00:00,
202409,1,True,09/2024,https://www.bcb.gov.br/content/estabilidadefinanceira/cosif/Bancos/202409BANCOS.csv.zip,2024-09-01T03:00:00Z,2026-08-10T23:53:12+00:00,
202408,1,True,08/2024,https://www.bcb.gov.br/content/estabilidadefinanceira/cosif/Bancos/202408BANCOS.csv.zip,2024-08-01T03:00:00Z,2026-08-10T23:53:12+00:00,
202407,1,True,07/2024,https://www.bcb.gov.br/content/estabilidadefinanceira/cosif/Bancos/202407BANCOS.csv.zip,2024-07-01T03:00:00Z,2026-08-10T23:53:12+00:00,
202406,1,True,06/2024,https://www.bcb.gov.br/content/estabilidadefinanceira/cosif/Bancos/202406BANCOS.csv.zip,2024-06-01T03:00:00Z,2026-08-10T23:53:12+00:00,
202405,1,True,05/2024,https://www.bcb.gov.br/content/estabilidadefinanceira/cosif/Bancos/202405BANCOS.csv.zip,2024-05-01T03:00:00Z,2026-08-10T23:53:12+00:00,
202404,1,True,04/2024,https://www.bcb.gov.br/content/estabilidadefinanceira/cosif/Bancos/202404BANCOS.csv.zip,2024-04-01T03:00:00Z,2026-08-10T23:53:12+00:00,
202403,1,True,03/2024,https://www.bcb.gov.br/content/estabilidadefinanceira/cosif/Bancos/202403BANCOS.csv.zip,2024-03-01T03:00:00Z,2026-08-10T23:53:12+00:00,
202402,1,True,02/2024,https://www.bcb.gov.br/content/estabilidadefinanceira/cosif/Bancos/202402BANCOS.csv.zip,2024-02-01T03:00:00Z,2026-08-10T23:53:12+00:00,
202401,1,True,01/2024,https://www.bcb.gov.br/content/estabilidadefinanceira/cosif/Bancos/202401BANCOS.csv.zip,2024-01-01T03:00:00Z,2026-08-10T23:53:12+00:00,
202312,1,True,12/2023,https://www.bcb.gov.br/content/estabilidadefinanceira/cosif/Bancos/202312BANCOS.csv.zip,2023-12-01T03:00:00Z,2026-08-10T23:53:12+00:00,
202311,1,True,11/2023,https://www.bcb.gov.br/content/estabilidadefinanceira/cosif/Bancos/202311BANCOS.csv.zip,2023-11-01T03:00:00Z,2026-08-10T23:53:12+00:00,
202310,1,True,10/2023,https://www.bcb.gov.br/content/estabilidadefinanceira/cosif/Bancos/202310BANCOS.csv.zip,2023-10-01T03:00:00Z,2026-08-10T23:53:12+00:00,
202309,1,True,09/2023,https://www.bcb.gov.br/content/estabilidadefinanceira/cosif/Bancos/202309BANCOS.csv.zip,2023-09-01T03:00:00Z,2026-08-10T23:53:12+00:00,
202308,1,True,08/2023,https://www.bcb.gov.br/content/estabilidadefinanceira/cosif/Bancos/202308BANCOS.csv.zip,2023-08-01T03:00:00Z,2026-08-10T23:53:12+00:00,
202307,1,True,07/2023,https://www.bcb.gov.br/content/estabilidadefinanceira/cosif/Bancos/202307BANCOS.csv.zip,2023-07-01T03:00:00Z,2026-08-10T23:53:12+00:00,
202306,1,True,06/2023,https://www.bcb.gov.br/content/estabilidadefinanceira/cosif/Bancos/202306BANCOS.csv.zip,2023-06-01T03:00:00Z,2026-08-10T23:53:12+00:00,
202305,1,True,05/2023,https://www.bcb.gov.br/content/estabilidadefinanceira/cosif/Bancos/202305BANCOS.csv.zip,2023-05-01T03:00:00Z,2026-08-10T23:53:12+00:00,
202304,1,True,04/2023,https://www.bcb.gov.br/content/estabilidadefinanceira/cosif/Bancos/202304BANCOS.csv.zip,2023-04-01T03:00:00Z,2026-08-10T23:53:12+00:00,
202303,1,True,03/2023,https://www.bcb.gov.br/content/estabilidadefinanceira/cosif/Bancos/202303BANCOS.csv.zip,2023-03-01T03:00:00Z,2026-08-10T23:53:12+00:00,
202302,1,True,02/2023,https://www.bcb.gov.br/content/estabilidadefinanceira/cosif/Bancos/202302BANCOS.csv.zip,2023-02-01T03:00:00Z,2026-08-10T23:53:12+00:00,
202301,1,True,01/2023,https://www.bcb.gov.br/content/estabilidadefinanceira/cosif/Bancos/202301BANCOS.csv,2023-01-01T03:00:00Z,2026-08-10T23:53:12+00:00,
202212,1,True,12/2022,https://www.bcb.gov.br/content/estabilidadefinanceira/cosif/Bancos/202212BANCOS.csv,2022-12-01T03:00:00Z,2026-08-10T23:53:12+00:00,
202211,1,True,11/2022,https://www.bcb.gov.br/content/estabilidadefinanceira/cosif/Bancos/202211BANCOS.ZIP,2022-11-01T03:00:00Z,2026-08-10T23:53:12+00:00,
202210,1,True,10/2022,https://www.bcb.gov.br/content/estabilidadefinanceira/cosif/Bancos/202210BANCOS.ZIP,2022-10-01T03:00:00Z,2026-08-10T23:53:12+00:00,
202209,1,True,09/2022,https://www.bcb.gov.br/content/estabilidadefinanceira/cosif/Bancos/202209BANCOS.ZIP,2022-09-01T03:00:00Z,2026-08-10T23:53:12+00:00,
202208,1,True,08/2022,https://www.bcb.gov.br/content/estabilidadefinanceira/cosif/Bancos/202208BANCOS.ZIP,2022-08-01T03:00:00Z,2026-08-10T23:53:12+00:00,
202207,1,True,07/2022,https://www.bcb.gov.br/content/estabilidadefinanceira/cosif/Bancos/202207BANCOS.ZIP,2022-07-01T03:00:00Z,2026-08-10T23:53:12+00:00,
202206,1,True,06/2022,https://www.bcb.gov.br/content/estabilidadefinanceira/cosif/Bancos/202206BANCOS.ZIP,2022-06-01T03:00:00Z,2026-08-10T23:53:12+00:00,
202205,1,True,05/2022,https://www.bcb.gov.br/content/estabilidadefinanceira/cosif/Bancos/202205BANCOS.ZIP,2022-05-01T03:00:00Z,2026-08-10T23:53:12+00:00,
202204,1,True,04/2022,https://www.bcb.gov.br/content/estabilidadefinanceira/cosif/Bancos/202204BANCOS.ZIP,2022-04-01T03:00:00Z,2026-08-10T23:53:12+00:00,
202203,1,True,03/2022,https://www.bcb.gov.br/content/estabilidadefinanceira/cosif/Bancos/202203BANCOS.ZIP,2022-03-01T03:00:00Z,2026-08-10T23:53:12+00:00,
202202,1,True,02/2022,https://www.bcb.gov.br/content/estabilidadefinanceira/cosif/Bancos/202202BANCOS.ZIP,2022-02-01T03:00:00Z,2026-08-10T23:53:12+00:00,
202201,1,True,01/2022,https://www.bcb.gov.br/content/estabilidadefinanceira/cosif/Bancos/202201BANCOS.ZIP,2022-01-01T03:00:00Z,2026-08-10T23:53:12+00:00,
202112,1,True,12/2021,https://www.bcb.gov.br/content/estabilidadefinanceira/cosif/Bancos/202112BANCOS.ZIP,2021-12-01T03:00:00Z,2026-08-10T23:53:12+00:00,
202111,1,True,11/2021,https://www.bcb.gov.br/content/estabilidadefinanceira/cosif/Bancos/202111BANCOS.ZIP,2021-11-01T03:00:00Z,2026-08-10T23:53:12+00:00,
202110,1,True,10/2021,https://www.bcb.gov.br/content/estabilidadefinanceira/cosif/Bancos/202110BANCOS.ZIP,2021-10-01T03:00:00Z,2026-08-10T23:53:12+00:00,
202109,1,True,09/2021,https://www.bcb.gov.br/content/estabilidadefinanceira/cosif/Bancos/202109BANCOS.ZIP,2021-09-01T03:00:00Z,2026-08-10T23:53:12+00:00,
202108,1,True,08/2021,https://www.bcb.gov.br/content/estabilidadefinanceira/cosif/Bancos/202108BANCOS.ZIP,2021-08-01T03:00:00Z,2026-08-10T23:53:12+00:00,
202107,1,True,07/2021,https://www.bcb.gov.br/content/estabilidadefinanceira/cosif/Bancos/202107BANCOS.ZIP,2021-07-01T03:00:00Z,2026-08-10T23:53:12+00:00,
202106,1,True,06/2021,https://www.bcb.gov.br/content/estabilidadefinanceira/cosif/Bancos/202106BANCOS.ZIP,2021-06-01T03:00:00Z,2026-08-10T23:53:12+00:00,
202105,1,True,05/2021,https://www.bcb.gov.br/content/estabilidadefinanceira/cosif/Bancos/202105BANCOS.ZIP,2021-05-01T03:00:00Z,2026-08-10T23:53:12+00:00,
202104,1,True,04/2021,https://www.bcb.gov.br/content/estabilidadefinanceira/cosif/Bancos/202104BANCOS.ZIP,2021-04-01T03:00:00Z,2026-08-10T23:53:12+00:00,
202103,1,True,03/2021,https://www.bcb.gov.br/content/estabilidadefinanceira/cosif/Bancos/202103BANCOS.ZIP,2021-03-01T03:00:00Z,2026-08-10T23:53:12+00:00,
202102,1,True,02/2021,https://www.bcb.gov.br/content/estabilidadefinanceira/cosif/Bancos/202102BANCOS.ZIP,2021-02-01T03:00:00Z,2026-08-10T23:53:12+00:00,
202101,1,True,01/2021,https://www.bcb.gov.br/content/estabilidadefinanceira/cosif/Bancos/202101BANCOS.ZIP,2021-01-01T03:00:00Z,2026-08-10T23:53:12+00:00,
202012,1,True,12/2020,https://www.bcb.gov.br/content/estabilidadefinanceira/cosif/Bancos/202012BANCOS.ZIP,2020-12-01T03:00:00Z,2026-08-10T23:53:12+00:00,
202011,1,True,11/2020,https://www.bcb.gov.br/content/estabilidadefinanceira/cosif/Bancos/202011BANCOS.ZIP,2020-11-01T03:00:00Z,2026-08-10T23:53:12+00:00,
202010,1,True,10/2020,https://www.bcb.gov.br/content/estabilidadefinanceira/cosif/Bancos/202010BANCOS.ZIP,2020-10-01T03:00:00Z,2026-08-10T23:53:12+00:00,
202009,1,True,09/2020,https://www.bcb.gov.br/content/estabilidadefinanceira/cosif/Bancos/202009BANCOS.ZIP,2020-09-01T03:00:00Z,2026-08-10T23:53:12+00:00,
202008,1,True,08/2020,https://www.bcb.gov.br/content/estabilidadefinanceira/cosif/Bancos/202008BANCOS.ZIP,2020-08-01T03:00:00Z,2026-08-10T23:53:12+00:00,
202007,1,True,07/2020,https://www.bcb.gov.br/content/estabilidadefinanceira/cosif/Bancos/202007BANCOS.ZIP,2020-07-01T03:00:00Z,2026-08-10T23:53:12+00:00,
202006,1,True,06/2020,https://www.bcb.gov.br/content/estabilidadefinanceira/cosif/Bancos/202006BANCOS.ZIP,2020-06-01T03:00:00Z,2026-08-10T23:53:12+00:00,
202005,1,True,05/2020,https://www.bcb.gov.br/content/estabilidadefinanceira/cosif/Bancos/202005BANCOS.ZIP,2020-05-01T03:00:00Z,2026-08-10T23:53:12+00:00,
202004,1,True,04/2020,https://www.bcb.gov.br/content/estabilidadefinanceira/cosif/Bancos/202004BANCOS.ZIP,2020-04-01T03:00:00Z,2026-08-10T23:53:12+00:00,
202003,1,True,03/2020,https://www.bcb.gov.br/content/estabilidadefinanceira/cosif/Bancos/202003BANCOS.ZIP,2020-03-01T03:00:00Z,2026-08-10T23:53:12+00:00,
202002,1,True,02/2020,https://www.bcb.gov.br/content/estabilidadefinanceira/cosif/Bancos/202002BANCOS.ZIP,2020-02-01T03:00:00Z,2026-08-10T23:53:12+00:00,
202001,1,True,01/2020,https://www.bcb.gov.br/content/estabilidadefinanceira/cosif/Bancos/202001BANCOS.ZIP,2020-01-01T03:00:00Z,2026-08-10T23:53:12+00:00,
201912,1,True,12/2019,https://www.bcb.gov.br/content/estabilidadefinanceira/cosif/Bancos/201912BANCOS.ZIP,2019-12-01T03:00:00Z,2026-08-10T23:53:12+00:00,
201911,1,True,11/2019,https://www.bcb.gov.br/content/estabilidadefinanceira/cosif/Bancos/201911BANCOS.ZIP,2019-11-01T03:00:00Z,2026-08-10T23:53:12+00:00,
201910,1,True,10/2019,https://www.bcb.gov.br/content/estabilidadefinanceira/cosif/Bancos/201910BANCOS.ZIP,2019-10-01T03:00:00Z,2026-08-10T23:53:12+00:00,
201909,1,True,09/2019,https://www.bcb.gov.br/content/estabilidadefinanceira/cosif/Bancos/201909BANCOS.zip,2019-09-01T03:00:00Z,2026-08-10T23:53:12+00:00,
201908,1,True,08/2019,https://www.bcb.gov.br/content/estabilidadefinanceira/cosif/Bancos/201908BANCOS.ZIP,2019-08-01T03:00:00Z,2026-08-10T23:53:12+00:00,
201907,1,True,07/2019,https://www.bcb.gov.br/content/estabilidadefinanceira/cosif/Bancos/201907BANCOS.ZIP,2019-07-01T03:00:00Z,2026-08-10T23:53:12+00:00,
201906,1,True,06/2019,https://www.bcb.gov.br/content/estabilidadefinanceira/cosif/Bancos/201906BANCOS.ZIP,2019-06-01T03:00:00Z,2026-08-10T23:53:12+00:00,
201905,1,True,05/2019,https://www.bcb.gov.br/content/estabilidadefinanceira/cosif/Bancos/201905BANCOS.ZIP,2019-05-01T03:00:00Z,2026-08-10T23:53:12+00:00,
201904,1,True,04/2019,https://www.bcb.gov.br/content/estabilidadefinanceira/cosif/Bancos/201904BANCOS.ZIP,2019-04-01T03:00:00Z,2026-08-10T23:53:12+00:00,
201903,1,True,03/2019,https://www.bcb.gov.br/content/estabilidadefinanceira/cosif/Bancos/201903BANCOS.ZIP,2019-03-01T03:00:00Z,2026-08-10T23:53:12+00:00,
201902,1,True,02/2019,https://www.bcb.gov.br/content/estabilidadefinanceira/cosif/Bancos/201902BANCOS.ZIP,2019-02-01T02:00:00Z,2026-08-10T23:53:12+00:00,
201901,1,True,01/2019,https://www.bcb.gov.br/content/estabilidadefinanceira/cosif/Bancos/201901BANCOS.ZIP,2019-01-01T02:00:00Z,2026-08-10T23:53:12+00:00,
201812,1,True,12/2018,https://www.bcb.gov.br/content/estabilidadefinanceira/cosif/Bancos/201812BANCOS.ZIP,2018-12-01T02:00:00Z,2026-08-10T23:53:12+00:00,
201811,1,True,11/2018,https://www.bcb.gov.br/content/estabilidadefinanceira/cosif/Bancos/201811BANCOS.ZIP,2018-11-01T03:00:00Z,2026-08-10T23:53:12+00:00,
201810,1,True,10/2018,https://www.bcb.gov.br/content/estabilidadefinanceira/cosif/Bancos/201810BANCOS.ZIP,2018-10-01T03:00:00Z,2026-08-10T23:53:12+00:00,
201809,1,True,09/2018,https://www.bcb.gov.br/content/estabilidadefinanceira/cosif/Bancos/201809BANCOS.ZIP,2018-09-01T03:00:00Z,2026-08-10T23:53:12+00:00,
201808,1,True,08/2018,https://www.bcb.gov.br/content/estabilidadefinanceira/cosif/Bancos/201808BANCOS.ZIP,2018-08-01T03:00:00Z,2026-08-10T23:53:12+00:00,
201807,1,True,07/2018,https://www.bcb.gov.br/content/estabilidadefinanceira/cosif/Bancos/201807BANCOS.ZIP,2018-07-01T03:00:00Z,2026-08-10T23:53:12+00:00,
201806,1,True,06/2018,https://www.bcb.gov.br/content/estabilidadefinanceira/cosif/Bancos/201806BANCOS.ZIP,2018-06-01T03:00:00Z,2026-08-10T23:53:12+00:00,
201805,1,True,05/2018,https://www.bcb.gov.br/content/estabilidadefinanceira/cosif/Bancos/201805BANCOS.ZIP,2018-05-01T03:00:00Z,2026-08-10T23:53:12+00:00,
201804,1,True,04/2018,https://www.bcb.gov.br/content/estabilidadefinanceira/cosif/Bancos/201804BANCOS.ZIP,2018-04-01T03:00:00Z,2026-08-10T23:53:12+00:00,
201803,1,True,03/2018,https://www.bcb.gov.br/content/estabilidadefinanceira/cosif/Bancos/201803BANCOS.ZIP,2018-03-01T03:00:00Z,2026-08-10T23:53:12+00:00,
201802,1,True,02/2018,https://www.bcb.gov.br/content/estabilidadefinanceira/cosif/Bancos/201802BANCOS.ZIP,2018-02-01T02:00:00Z,2026-08-10T23:53:12+00:00,
201801,1,True,01/2018,https://www.bcb.gov.br/content/estabilidadefinanceira/cosif/Bancos/201801BANCOS.ZIP,2018-01-01T02:00:00Z,2026-08-10T23:53:12+00:00,
201712,1,True,12/2017,https://www.bcb.gov.br/content/estabilidadefinanceira/cosif/Bancos/201712BANCOS.ZIP,2017-12-01T02:00:00Z,2026-08-10T23:53:12+00:00,
201711,1,True,11/2017,https://www.bcb.gov.br/content/estabilidadefinanceira/cosif/Bancos/201711BANCOS.ZIP,2017-11-01T02:00:00Z,2026-08-10T23:53:12+00:00,
201710,1,True,10/2017,https://www.bcb.gov.br/content/estabilidadefinanceira/cosif/Bancos/201710BANCOS.ZIP,2017-10-01T03:00:00Z,2026-08-10T23:53:12+00:00,
201709,1,True,09/2017,https://www.bcb.gov.br/content/estabilidadefinanceira/cosif/Bancos/201709BANCOS.ZIP,2017-09-01T03:00:00Z,2026-08-10T23:53:12+00:00,
201708,1,True,08/2017,https://www.bcb.gov.br/content/estabilidadefinanceira/cosif/Bancos/201708BANCOS.ZIP,2017-08-01T03:00:00Z,2026-08-10T23:53:12+00:00,
201707,1,True,07/2017,https://www.bcb.gov.br/content/estabilidadefinanceira/cosif/Bancos/201707BANCOS.ZIP,2017-07-01T03:00:00Z,2026-08-10T23:53:12+00:00,
201706,1,True,06/2017,https://www.bcb.gov.br/content/estabilidadefinanceira/cosif/Bancos/201706BANCOS.ZIP,2017-06-01T03:00:00Z,2026-08-10T23:53:12+00:00,
201705,1,True,05/2017,https://www.bcb.gov.br/content/estabilidadefinanceira/cosif/Bancos/201705BANCOS.ZIP,2017-05-01T03:00:00Z,2026-08-10T23:53:12+00:00,
201704,1,True,04/2017,https://www.bcb.gov.br/content/estabilidadefinanceira/cosif/Bancos/201704BANCOS.ZIP,2017-04-01T03:00:00Z,2026-08-10T23:53:12+00:00,
201703,1,True,03/2017,https://www.bcb.gov.br/content/estabilidadefinanceira/cosif/Bancos/201703BANCOS.ZIP,2017-03-01T03:00:00Z,2026-08-10T23:53:12+00:00,
201702,1,True,02/2017,https://www.bcb.gov.br/content/estabilidadefinanceira/cosif/Bancos/201702BANCOS.ZIP,2017-02-01T02:00:00Z,2026-08-10T23:53:12+00:00,
201701,1,True,01/2017,https://www.bcb.gov.br/content/estabilidadefinanceira/cosif/Bancos/201701BANCOS.ZIP,2017-01-01T02:00:00Z,2026-08-10T23:53:12+00:00,
201612,1,True,12/2016,https://www.bcb.gov.br/content/estabilidadefinanceira/cosif/Bancos/201612BANCOS.ZIP,2016-12-01T02:00:00Z,2026-08-10T23:53:12+00:00,
201611,1,True,11/2016,https://www.bcb.gov.br/content/estabilidadefinanceira/cosif/Bancos/201611BANCOS.ZIP,2016-11-01T02:00:00Z,2026-08-10T23:53:12+00:00,
201610,1,True,10/2016,https://www.bcb.gov.br/content/estabilidadefinanceira/cosif/Bancos/201610BANCOS.ZIP,2016-10-01T03:00:00Z,2026-08-10T23:53:12+00:00,
201609,1,True,09/2016,https://www.bcb.gov.br/content/estabilidadefinanceira/cosif/Bancos/201609BANCOS.ZIP,2016-09-01T03:00:00Z,2026-08-10T23:53:12+00:00,
201608,1,True,08/2016,https://www.bcb.gov.br/content/estabilidadefinanceira/cosif/Bancos/201608BANCOS.ZIP,2016-08-01T03:00:00Z,2026-08-10T23:53:12+00:00,
201607,1,True,07/2016,https://www.bcb.gov.br/content/estabilidadefinanceira/cosif/Bancos/201607BANCOS.ZIP,2016-07-01T03:00:00Z,2026-08-10T23:53:12+00:00,
201606,1,True,06/2016,https://www.bcb.gov.br/content/estabilidadefinanceira/cosif/Bancos/201606BANCOS.ZIP,2016-06-01T03:00:00Z,2026-08-10T23:53:12+00:00,
201605,1,True,05/2016,https://www.bcb.gov.br/content/estabilidadefinanceira/cosif/Bancos/201605BANCOS.ZIP,2016-05-01T03:00:00Z,2026-08-10T23:53:12+00:00,
201604,1,True,04/2016,https://www.bcb.gov.br/content/estabilidadefinanceira/cosif/Bancos/201604BANCOS.ZIP,2016-04-01T03:00:00Z,2026-08-10T23:53:12+00:00,
201603,1,True,03/2016,https://www.bcb.gov.br/content/estabilidadefinanceira/cosif/Bancos/201603BANCOS.ZIP,2016-03-01T03:00:00Z,2026-08-10T23:53:12+00:00,
201602,1,True,02/2016,https://www.bcb.gov.br/content/estabilidadefinanceira/cosif/Bancos/201602BANCOS.ZIP,2016-02-01T02:00:00Z,2026-08-10T23:53:12+00:00,
201601,1,True,01/2016,https://www.bcb.gov.br/content/estabilidadefinanceira/cosif/Bancos/201601BANCOS.ZIP,2016-01-01T02:00:00Z,2026-08-10T23:53:12+00:00,
201512,1,True,12/2015,https://www.bcb.gov.br/content/estabilidadefinanceira/cosif/Bancos/201512BANCOS.ZIP,2015-12-01T02:00:00Z,2026-08-10T23:53:12+00:00,
201511,1,True,11/2015,https://www.bcb.gov.br/content/estabilidadefinanceira/cosif/Bancos/201511BANCOS.ZIP,2015-11-01T02:00:00Z,2026-08-10T23:53:12+00:00,
201510,1,True,10/2015,https://www.bcb.gov.br/content/estabilidadefinanceira/cosif/Bancos/201510BANCOS.ZIP,2015-10-01T03:00:00Z,2026-08-10T23:53:12+00:00,
201509,1,True,09/2015,https://www.bcb.gov.br/content/estabilidadefinanceira/cosif/Bancos/201509BANCOS.ZIP,2015-09-01T03:00:00Z,2026-08-10T23:53:12+00:00,
201508,1,True,08/2015,https://www.bcb.gov.br/content/estabilidadefinanceira/cosif/Bancos/201508BANCOS.ZIP,2015-08-01T03:00:00Z,2026-08-10T23:53:12+00:00,
201507,1,True,07/2015,https://www.bcb.gov.br/content/estabilidadefinanceira/cosif/Bancos/201507BANCOS.ZIP,2015-07-01T03:00:00Z,2026-08-10T23:53:12+00:00,
201506,1,True,06/2015,https://www.bcb.gov.br/content/estabilidadefinanceira/cosif/Bancos/201506BANCOS.ZIP,2015-06-01T03:00:00Z,2026-08-10T23:53:12+00:00,
201505,1,True,05/2015,https://www.bcb.gov.br/content/estabilidadefinanceira/cosif/Bancos/201505BANCOS.ZIP,2015-05-01T03:00:00Z,2026-08-10T23:53:12+00:00,
201504,1,True,04/2015,https://www.bcb.gov.br/content/estabilidadefinanceira/cosif/Bancos/201504BANCOS.ZIP,2015-04-01T03:00:00Z,2026-08-10T23:53:12+00:00,
201503,1,True,03/2015,https://www.bcb.gov.br/content/estabilidadefinanceira/cosif/Bancos/201503BANCOS.ZIP,2015-03-01T03:00:00Z,2026-08-10T23:53:12+00:00,
201502,1,True,02/2015,https://www.bcb.gov.br/content/estabilidadefinanceira/cosif/Bancos/201502BANCOS.zip,2015-02-01T02:00:00Z,2026-08-10T23:53:12+00:00,
201501,1,True,01/2015,https://www.bcb.gov.br/content/estabilidadefinanceira/cosif/Bancos/201501BANCOS.zip,2015-01-01T02:00:00Z,2026-08-10T23:53:12+00:00,
201412,1,True,12/2014,https://www.bcb.gov.br/content/estabilidadefinanceira/cosif/Bancos/201412BANCOS.zip,2014-12-01T02:00:00Z,2026-08-10T23:53:12+00:00,
201411,1,True,11/2014,https://www.bcb.gov.br/content/estabilidadefinanceira/cosif/Bancos/201411BANCOS.ZIP,2014-11-01T02:00:00Z,2026-08-10T23:53:12+00:00,
201410,1,True,10/2014,https://www.bcb.gov.br/content/estabilidadefinanceira/cosif/Bancos/201410BANCOS.ZIP,2014-10-01T03:00:00Z,2026-08-10T23:53:12+00:00,
201409,1,True,09/2014,https://www.bcb.gov.br/content/estabilidadefinanceira/cosif/Bancos/201409BANCOS.ZIP,2014-09-01T03:00:00Z,2026-08-10T23:53:12+00:00,
201408,1,True,08/2014,https://www.bcb.gov.br/content/estabilidadefinanceira/cosif/Bancos/201408BANCOS.ZIP,2014-08-01T03:00:00Z,2026-08-10T23:53:12+00:00,
201407,1,True,07/2014,https://www.bcb.gov.br/content/estabilidadefinanceira/cosif/Bancos/201407BANCOS.ZIP,2014-07-01T03:00:00Z,2026-08-10T23:53:12+00:00,
201406,1,True,06/2014,https://www.bcb.gov.br/content/estabilidadefinanceira/cosif/Bancos/201406BANCOS.ZIP,2014-06-01T03:00:00Z,2026-08-10T23:53:12+00:00,
201405,1,True,05/2014,https://www.bcb.gov.br/content/estabilidadefinanceira/cosif/Bancos/201405BANCOS.ZIP,2014-05-01T03:00:00Z,2026-08-10T23:53:12+00:00,
201404,1,True,04/2014,https://www.bcb.gov.br/content/estabilidadefinanceira/cosif/Bancos/201404BANCOS.zip,2014-04-01T03:00:00Z,2026-08-10T23:53:12+00:00,
201403,1,True,03/2014,https://www.bcb.gov.br/content/estabilidadefinanceira/cosif/Bancos/201403BANCOS.zip,2014-03-01T03:00:00Z,2026-08-10T23:53:12+00:00,
201402,1,True,02/2014,https://www.bcb.gov.br/content/estabilidadefinanceira/cosif/Bancos/201402BANCOS.zip,2014-02-01T02:00:00Z,2026-08-10T23:53:12+00:00,
201401,1,True,01/2014,https://www.bcb.gov.br/content/estabilidadefinanceira/cosif/Bancos/201401BANCOS.zip,2014-01-01T02:00:00Z,2026-08-10T23:53:12+00:00,
201312,1,True,12/2013,https://www.bcb.gov.br/content/estabilidadefinanceira/cosif/Bancos/201312BANCOS.zip,2013-12-01T02:00:00Z,2026-08-10T23:53:12+00:00,
201311,1,True,11/2013,https://www.bcb.gov.br/content/estabilidadefinanceira/cosif/Bancos/201311BANCOS.ZIP,2013-11-01T02:00:00Z,2026-08-10T23:53:12+00:00,
201310,1,True,10/2013,https://www.bcb.gov.br/content/estabilidadefinanceira/cosif/Bancos/201310BANCOS.ZIP,2013-10-01T03:00:00Z,2026-08-10T23:53:12+00:00,
201309,1,True,09/2013,https://www.bcb.gov.br/content/estabilidadefinanceira/cosif/Bancos/201309BANCOS.ZIP,2013-09-01T03:00:00Z,2026-08-10T23:53:12+00:00,
201308,1,True,08/2013,https://www.bcb.gov.br/content/estabilidadefinanceira/cosif/Bancos/201308BANCOS.ZIP,2013-08-01T03:00:00Z,2026-08-10T23:53:12+00:00,
201307,1,True,07/2013,https://www.bcb.gov.br/content/estabilidadefinanceira/cosif/Bancos/201307BANCOS.ZIP,2013-07-01T03:00:00Z,2026-08-10T23:53:12+00:00,
201306,1,True,06/2013,https://www.bcb.gov.br/content/estabilidadefinanceira/cosif/Bancos/201306BANCOS.ZIP,2013-06-01T03:00:00Z,2026-08-10T23:53:12+00:00,
201305,1,True,05/2013,https://www.bcb.gov.br/content/estabilidadefinanceira/cosif/Bancos/201305BANCOS.ZIP,2013-05-01T03:00:00Z,2026-08-10T23:53:12+00:00,
201304,1,True,04/2013,https://www.bcb.gov.br/content/estabilidadefinanceira/cosif/Bancos/201304BANCOS.ZIP,2013-04-01T03:00:00Z,2026-08-10T23:53:12+00:00,
201303,1,True,03/2013,https://www.bcb.gov.br/content/estabilidadefinanceira/cosif/Bancos/201303BANCOS.ZIP,2013-03-01T03:00:00Z,2026-08-10T23:53:12+00:00,
201302,1,True,02/2013,https://www.bcb.gov.br/content/estabilidadefinanceira/cosif/Bancos/201302BANCOS.ZIP,2013-02-01T02:00:00Z,2026-08-10T23:53:12+00:00,
201301,1,True,01/2013,https://www.bcb.gov.br/content/estabilidadefinanceira/cosif/Bancos/201301BANCOS.ZIP,2013-01-01T02:00:00Z,2026-08-10T23:53:12+00:00,
201212,1,True,12/2012,https://www.bcb.gov.br/content/estabilidadefinanceira/cosif/Bancos/201212BANCOS.ZIP,2012-12-01T02:00:00Z,2026-08-10T23:53:12+00:00,
201211,1,True,11/2012,https://www.bcb.gov.br/content/estabilidadefinanceira/cosif/Bancos/201211BANCOS.ZIP,2012-11-01T02:00:00Z,2026-08-10T23:53:12+00:00,
201210,1,True,10/2012,https://www.bcb.gov.br/content/estabilidadefinanceira/cosif/Bancos/201210BANCOS.ZIP,2012-10-01T03:00:00Z,2026-08-10T23:53:12+00:00,
201209,1,True,09/2012,https://www.bcb.gov.br/content/estabilidadefinanceira/cosif/Bancos/201209BANCOS.ZIP,2012-09-01T03:00:00Z,2026-08-10T23:53:12+00:00,
201208,1,True,08/2012,https://www.bcb.gov.br/content/estabilidadefinanceira/cosif/Bancos/201208BANCOS.ZIP,2012-08-01T03:00:00Z,2026-08-10T23:53:12+00:00,
201207,1,True,07/2012,https://www.bcb.gov.br/content/estabilidadefinanceira/cosif/Bancos/201207BANCOS.ZIP,2012-07-01T03:00:00Z,2026-08-10T23:53:12+00:00,
201206,1,True,06/2012,https://www.bcb.gov.br/content/estabilidadefinanceira/cosif/Bancos/201206BANCOS.ZIP,2012-06-01T03:00:00Z,2026-08-10T23:53:12+00:00,
201205,1,True,05/2012,https://www.bcb.gov.br/content/estabilidadefinanceira/cosif/Bancos/201205BANCOS.ZIP,2012-05-01T03:00:00Z,2026-08-10T23:53:12+00:00,
201204,1,True,04/2012,https://www.bcb.gov.br/content/estabilidadefinanceira/cosif/Bancos/201204BANCOS.ZIP,2012-04-01T03:00:00Z,2026-08-10T23:53:12+00:00,
201203,1,True,03/2012,https://www.bcb.gov.br/content/estabilidadefinanceira/cosif/Bancos/201203BANCOS.ZIP,2012-03-01T03:00:00Z,2026-08-10T23:53:12+00:00,
201202,1,True,02/2012,https://www.bcb.gov.br/content/estabilidadefinanceira/cosif/Bancos/201202BANCOS.ZIP,2012-02-01T02:00:00Z,2026-08-10T23:53:12+00:00,
201201,1,True,01/2012,https://www.bcb.gov.br/content/estabilidadefinanceira/cosif/Bancos/201201BANCOS.ZIP,2012-01-01T02:00:00Z,2026-08-10T23:53:12+00:00,
201112,1,True,12/2011,https://www.bcb.gov.br/content/estabilidadefinanceira/cosif/Bancos/201112BANCOS.ZIP,2011-12-01T02:00:00Z,2026-08-10T23:53:12+00:00,
201111,1,True,11/2011,https://www.bcb.gov.br/content/estabilidadefinanceira/cosif/Bancos/201111BANCOS.ZIP,2011-11-01T02:00:00Z,2026-08-10T23:53:12+00:00,
201110,1,True,10/2011,https://www.bcb.gov.br/content/estabilidadefinanceira/cosif/Bancos/201110BANCOS.ZIP,2011-10-01T03:00:00Z,2026-08-10T23:53:12+00:00,
201109,1,True,09/2011,https://www.bcb.gov.br/content/estabilidadefinanceira/cosif/Bancos/201109BANCOS.ZIP,2011-09-01T03:00:00Z,2026-08-10T23:53:12+00:00,
201108,1,True,08/2011,https://www.bcb.gov.br/content/estabilidadefinanceira/cosif/Bancos/201108BANCOS.ZIP,2011-08-01T03:00:00Z,2026-08-10T23:53:12+00:00,
201107,1,True,07/2011,https://www.bcb.gov.br/content/estabilidadefinanceira/cosif/Bancos/201107BANCOS.ZIP,2011-07-01T03:00:00Z,2026-08-10T23:53:12+00:00,
201106,1,True,06/2011,https://www.bcb.gov.br/content/estabilidadefinanceira/cosif/Bancos/201106BANCOS.ZIP,2011-06-01T03:00:00Z,2026-08-10T23:53:12+00:00,
201105,1,True,05/2011,https://www.bcb.gov.br/content/estabilidadefinanceira/cosif/Bancos/201105BANCOS.ZIP,2011-05-01T03:00:00Z,2026-08-10T23:53:12+00:00,
201104,1,True,04/2011,https://www.bcb.gov.br/content/estabilidadefinanceira/cosif/Bancos/201104BANCOS.ZIP,2011-04-01T03:00:00Z,2026-08-10T23:53:12+00:00,
201103,1,True,03/2011,https://www.bcb.gov.br/content/estabilidadefinanceira/cosif/Bancos/201103BANCOS.ZIP,2011-03-01T03:00:00Z,2026-08-10T23:53:12+00:00,
201102,1,True,02/2011,https://www.bcb.gov.br/content/estabilidadefinanceira/cosif/Bancos/201102BANCOS.zip,2011-02-01T02:00:00Z,2026-08-10T23:53:12+00:00,
201101,1,True,01/2011,https://www.bcb.gov.br/content/estabilidadefinanceira/cosif/Bancos/201101BANCOS.zip,2011-01-01T02:00:00Z,2026-08-10T23:53:12+00:00,
201012,1,True,12/2010,https://www.bcb.gov.br/content/estabilidadefinanceira/cosif/Bancos/201012BANCOS.zip,2010-12-01T02:00:00Z,2026-08-10T23:53:12+00:00,
201011,1,True,11/2010,https://www.bcb.gov.br/content/estabilidadefinanceira/cosif/Bancos/201011BANCOS.zip,2010-11-01T02:00:00Z,2026-08-10T23:53:12+00:00,
201010,1,True,10/2010,https://www.bcb.gov.br/content/estabilidadefinanceira/cosif/Bancos/201010BANCOS.zip,2010-10-01T03:00:00Z,2026-08-10T23:53:12+00:00,
201009,1,True,09/2010,https://www.bcb.gov.br/content/estabilidadefinanceira/cosif/Bancos/201009BANCOS.zip,2010-09-01T03:00:00Z,2026-08-10T23:53:12+00:00,
201008,1,True,08/2010,https://www.bcb.gov.br/content/estabilidadefinanceira/cosif/Bancos/201008BANCOS.zip,2010-08-01T03:00:00Z,2026-08-10T23:53:12+00:00,
201007,1,True,07/2010,https://www.bcb.gov.br/content/estabilidadefinanceira/cosif/Bancos/201007BANCOS.zip,2010-07-01T03:00:00Z,2026-08-10T23:53:12+00:00,
201006,1,True,06/2010,https://www.bcb.gov.br/content/estabilidadefinanceira/cosif/Bancos/201006BANCOS.zip,2010-06-01T03:00:00Z,2026-08-10T23:53:12+00:00,
201005,1,True,05/2010,https://www.bcb.gov.br/content/estabilidadefinanceira/cosif/Bancos/201005BANCOS.zip,2010-05-01T03:00:00Z,2026-08-10T23:53:12+00:00,
201004,1,True,04/2010,https://www.bcb.gov.br/content/estabilidadefinanceira/cosif/Bancos/201004BANCOS.zip,2010-04-01T03:00:00Z,2026-08-10T23:53:12+00:00,
201003,1,True,03/2010,https://www.bcb.gov.br/content/estabilidadefinanceira/cosif/Bancos/201003BANCOS.zip,2010-03-01T03:00:00Z,2026-08-10T23:53:12+00:00,
201002,1,True,02/2010,https://www.bcb.gov.br/content/estabilidadefinanceira/cosif/Bancos/201002BANCOS.zip,2010-02-01T02:00:00Z,2026-08-10T23:53:12+00:00,
201001,1,True,01/2010,https://www.bcb.gov.br/content/estabilidadefinanceira/cosif/Bancos/201001BANCOS.zip,2010-01-01T02:00:00Z,2026-08-10T23:53:12+00:00,
200912,1,True,12/2009,https://www.bcb.gov.br/content/estabilidadefinanceira/cosif/Bancos/200912BANCOS.zip,2009-12-01T02:00:00Z,2026-08-10T23:53:12+00:00,
200911,1,True,11/2009,https://www.bcb.gov.br/content/estabilidadefinanceira/cosif/Bancos/200911BANCOS.zip,2009-11-01T02:00:00Z,2026-08-10T23:53:12+00:00,
200910,1,True,10/2009,https://www.bcb.gov.br/content/estabilidadefinanceira/cosif/Bancos/200910BANCOS.zip,2009-10-01T03:00:00Z,2026-08-10T23:53:12+00:00,
200909,1,True,09/2009,https://www.bcb.gov.br/content/estabilidadefinanceira/cosif/Bancos/200909BANCOS.zip,2009-09-01T03:00:00Z,2026-08-10T23:53:12+00:00,
200908,1,True,08/2009,https://www.bcb.gov.br/content/estabilidadefinanceira/cosif/Bancos/200908BANCOS.zip,2009-08-01T03:00:00Z,2026-08-10T23:53:12+00:00,
200907,1,True,07/2009,https://www.bcb.gov.br/content/estabilidadefinanceira/cosif/Bancos/200907BANCOS.zip,2009-07-01T03:00:00Z,2026-08-10T23:53:12+00:00,
200906,1,True,06/2009,https://www.bcb.gov.br/content/estabilidadefinanceira/cosif/Bancos/200906BANCOS.zip,2009-06-01T03:00:00Z,2026-08-10T23:53:12+00:00,
200905,1,True,05/2009,https://www.bcb.gov.br/content/estabilidadefinanceira/cosif/Bancos/200905BANCOS.zip,2009-05-01T03:00:00Z,2026-08-10T23:53:12+00:00,
200904,1,True,04/2009,https://www.bcb.gov.br/content/estabilidadefinanceira/cosif/Bancos/200904BANCOS.zip,2009-04-01T03:00:00Z,2026-08-10T23:53:12+00:00,
200903,1,True,03/2009,https://www.bcb.gov.br/content/estabilidadefinanceira/cosif/Bancos/200903BANCOS.zip,2009-03-01T03:00:00Z,2026-08-10T23:53:12+00:00,
200902,1,True,02/2009,https://www.bcb.gov.br/content/estabilidadefinanceira/cosif/Bancos/200902BANCOS.zip,2009-02-01T02:00:00Z,2026-08-10T23:53:12+00:00,
200901,1,True,01/2009,https://www.bcb.gov.br/content/estabilidadefinanceira/cosif/Bancos/200901BANCOS.zip,2009-01-01T02:00:00Z,2026-08-10T23:53:12+00:00,
200812,1,True,12/2008,https://www.bcb.gov.br/content/estabilidadefinanceira/cosif/Bancos/200812BANCOS.zip,2008-12-01T02:00:00Z,2026-08-10T23:53:12+00:00,
200811,1,True,11/2008,https://www.bcb.gov.br/content/estabilidadefinanceira/cosif/Bancos/200811BANCOS.zip,2008-11-01T02:00:00Z,2026-08-10T23:53:12+00:00,
200810,1,True,10/2008,https://www.bcb.gov.br/content/estabilidadefinanceira/cosif/Bancos/200810BANCOS.zip,2008-10-01T03:00:00Z,2026-08-10T23:53:12+00:00,
200809,1,True,09/2008,https://www.bcb.gov.br/content/estabilidadefinanceira/cosif/Bancos/200809BANCOS.zip,2008-09-01T03:00:00Z,2026-08-10T23:53:12+00:00,
200808,1,True,08/2008,https://www.bcb.gov.br/content/estabilidadefinanceira/cosif/Bancos/200808BANCOS.zip,2008-08-01T03:00:00Z,2026-08-10T23:53:12+00:00,
200807,1,True,07/2008,https://www.bcb.gov.br/content/estabilidadefinanceira/cosif/Bancos/200807BANCOS.zip,2008-07-01T03:00:00Z,2026-08-10T23:53:12+00:00,
200806,1,True,06/2008,https://www.bcb.gov.br/content/estabilidadefinanceira/cosif/Bancos/200806BANCOS.zip,2008-06-01T03:00:00Z,2026-08-10T23:53:12+00:00,
200805,1,True,05/2008,https://www.bcb.gov.br/content/estabilidadefinanceira/cosif/Bancos/200805BANCOS.zip,2008-05-01T03:00:00Z,2026-08-10T23:53:12+00:00,
200804,1,True,04/2008,https://www.bcb.gov.br/content/estabilidadefinanceira/cosif/Bancos/200804BANCOS.zip,2008-04-01T03:00:00Z,2026-08-10T23:53:12+00:00,
200803,1,True,03/2008,https://www.bcb.gov.br/content/estabilidadefinanceira/cosif/Bancos/200803BANCOS.zip,2008-03-01T03:00:00Z,2026-08-10T23:53:12+00:00,
200802,1,True,02/2008,https://www.bcb.gov.br/content/estabilidadefinanceira/cosif/Bancos/200802BANCOS.zip,2008-02-01T02:00:00Z,2026-08-10T23:53:12+00:00,
200801,1,True,01/2008,https://www.bcb.gov.br/content/estabilidadefinanceira/cosif/Bancos/200801BANCOS.zip,2008-01-01T02:00:00Z,2026-08-10T23:53:12+00:00,
200712,1,True,12/2007,https://www.bcb.gov.br/content/estabilidadefinanceira/cosif/Bancos/200712BANCOS.zip,2007-12-01T02:00:00Z,2026-08-10T23:53:12+00:00,
200711,1,True,11/2007,https://www.bcb.gov.br/content/estabilidadefinanceira/cosif/Bancos/200711BANCOS.zip,2007-11-01T02:00:00Z,2026-08-10T23:53:12+00:00,
200710,1,True,10/2007,https://www.bcb.gov.br/content/estabilidadefinanceira/cosif/Bancos/200710BANCOS.zip,2007-10-01T03:00:00Z,2026-08-10T23:53:12+00:00,
200709,1,True,09/2007,https://www.bcb.gov.br/content/estabilidadefinanceira/cosif/Bancos/200709BANCOS.zip,2007-09-01T03:00:00Z,2026-08-10T23:53:12+00:00,
200708,1,True,08/2007,https://www.bcb.gov.br/content/estabilidadefinanceira/cosif/Bancos/200708BANCOS.zip,2007-08-01T03:00:00Z,2026-08-10T23:53:12+00:00,
200707,1,True,07/2007,https://www.bcb.gov.br/content/estabilidadefinanceira/cosif/Bancos/200707BANCOS.zip,2007-07-01T03:00:00Z,2026-08-10T23:53:12+00:00,
200706,1,True,06/2007,https://www.bcb.gov.br/content/estabilidadefinanceira/cosif/Bancos/200706BANCOS.zip,2007-06-01T03:00:00Z,2026-08-10T23:53:12+00:00,
200705,1,True,05/2007,https://www.bcb.gov.br/content/estabilidadefinanceira/cosif/Bancos/200705BANCOS.zip,2007-05-01T03:00:00Z,2026-08-10T23:53:12+00:00,
200704,1,True,04/2007,https://www.bcb.gov.br/content/estabilidadefinanceira/cosif/Bancos/200704BANCOS.zip,2007-04-01T03:00:00Z,2026-08-10T23:53:12+00:00,
200703,1,True,03/2007,https://www.bcb.gov.br/content/estabilidadefinanceira/cosif/Bancos/200703BANCOS.zip,2007-03-01T03:00:00Z,2026-08-10T23:53:12+00:00,
200702,1,True,02/2007,https://www.bcb.gov.br/content/estabilidadefinanceira/cosif/Bancos/200702BANCOS.zip,2007-02-01T02:00:00Z,2026-08-10T23:53:12+00:00,
200701,1,True,01/2007,https://www.bcb.gov.br/content/estabilidadefinanceira/cosif/Bancos/200701BANCOS.zip,2007-01-01T02:00:00Z,2026-08-10T23:53:12+00:00,
200612,1,True,12/2006,https://www.bcb.gov.br/content/estabilidadefinanceira/cosif/Bancos/200612BANCOS.zip,2006-12-01T02:00:00Z,2026-08-10T23:53:12+00:00,
200611,1,True,11/2006,https://www.bcb.gov.br/content/estabilidadefinanceira/cosif/Bancos/200611BANCOS.zip,2006-11-01T02:00:00Z,2026-08-10T23:53:12+00:00,
200610,1,True,10/2006,https://www.bcb.gov.br/content/estabilidadefinanceira/cosif/Bancos/200610BANCOS.zip,2006-10-01T03:00:00Z,2026-08-10T23:53:12+00:00,
200609,1,True,09/2006,https://www.bcb.gov.br/content/estabilidadefinanceira/cosif/Bancos/200609BANCOS.zip,2006-09-01T03:00:00Z,2026-08-10T23:53:12+00:00,
200608,1,True,08/2006,https://www.bcb.gov.br/content/estabilidadefinanceira/cosif/Bancos/200608BANCOS.zip,2006-08-01T03:00:00Z,2026-08-10T23:53:12+00:00,
200607,1,True,07/2006,https://www.bcb.gov.br/content/estabilidadefinanceira/cosif/Bancos/200607BANCOS.zip,2006-07-01T03:00:00Z,2026-08-10T23:53:12+00:00,
200606,1,True,06/2006,https://www.bcb.gov.br/content/estabilidadefinanceira/cosif/Bancos/200606BANCOS.zip,2006-06-01T03:00:00Z,2026-08-10T23:53:12+00:00,
200605,1,True,05/2006,https://www.bcb.gov.br/content/estabilidadefinanceira/cosif/Bancos/200605BANCOS.zip,2006-05-01T03:00:00Z,2026-08-10T23:53:12+00:00,
200604,1,True,04/2006,https://www.bcb.gov.br/content/estabilidadefinanceira/cosif/Bancos/200604BANCOS.zip,2006-04-01T03:00:00Z,2026-08-10T23:53:12+00:00,
200603,1,True,03/2006,https://www.bcb.gov.br/content/estabilidadefinanceira/cosif/Bancos/200603BANCOS.zip,2006-03-01T03:00:00Z,2026-08-10T23:53:12+00:00,
200602,1,True,02/2006,https://www.bcb.gov.br/content/estabilidadefinanceira/cosif/Bancos/200602BANCOS.zip,2006-02-01T02:00:00Z,2026-08-10T23:53:12+00:00,
200601,1,True,01/2006,https://www.bcb.gov.br/content/estabilidadefinanceira/cosif/Bancos/200601BANCOS.zip,2006-01-01T02:00:00Z,2026-08-10T23:53:12+00:00,
200512,1,True,12/2005,https://www.bcb.gov.br/content/estabilidadefinanceira/cosif/Bancos/200512BANCOS.zip,2005-12-01T02:00:00Z,2026-08-10T23:53:12+00:00,
200511,1,True,11/2005,https://www.bcb.gov.br/content/estabilidadefinanceira/cosif/Bancos/200511BANCOS.zip,2005-11-01T02:00:00Z,2026-08-10T23:53:12+00:00,
200510,1,True,10/2005,https://www.bcb.gov.br/content/estabilidadefinanceira/cosif/Bancos/200510BANCOS.zip,2005-10-01T03:00:00Z,2026-08-10T23:53:12+00:00,
200509,1,True,09/2005,https://www.bcb.gov.br/content/estabilidadefinanceira/cosif/Bancos/200509BANCOS.zip,2005-09-01T03:00:00Z,2026-08-10T23:53:12+00:00,
200508,1,True,08/2005,https://www.bcb.gov.br/content/estabilidadefinanceira/cosif/Bancos/200508BANCOS.zip,2005-08-01T03:00:00Z,2026-08-10T23:53:12+00:00,
200507,1,True,07/2005,https://www.bcb.gov.br/content/estabilidadefinanceira/cosif/Bancos/200507BANCOS.zip,2005-07-01T03:00:00Z,2026-08-10T23:53:12+00:00,
200506,1,True,06/2005,https://www.bcb.gov.br/content/estabilidadefinanceira/cosif/Bancos/200506BANCOS.zip,2005-06-01T03:00:00Z,2026-08-10T23:53:12+00:00,
200505,1,True,05/2005,https://www.bcb.gov.br/content/estabilidadefinanceira/cosif/Bancos/200505BANCOS.zip,2005-05-01T03:00:00Z,2026-08-10T23:53:12+00:00,
200504,1,True,04/2005,https://www.bcb.gov.br/content/estabilidadefinanceira/cosif/Bancos/200504BANCOS.zip,2005-04-01T03:00:00Z,2026-08-10T23:53:12+00:00,
200503,1,True,03/2005,https://www.bcb.gov.br/content/estabilidadefinanceira/cosif/Bancos/200503BANCOS.zip,2005-03-01T03:00:00Z,2026-08-10T23:53:12+00:00,
200502,1,True,02/2005,https://www.bcb.gov.br/content/estabilidadefinanceira/cosif/Bancos/200502BANCOS.zip,2005-02-01T02:00:00Z,2026-08-10T23:53:12+00:00,
200501,1,True,01/2005,https://www.bcb.gov.br/content/estabilidadefinanceira/cosif/Bancos/200501BANCOS.zip,2005-01-01T02:00:00Z,2026-08-10T23:53:12+00:00,
200412,1,True,12/2004,https://www.bcb.gov.br/content/estabilidadefinanceira/cosif/Bancos/200412BANCOS.zip,2004-12-01T02:00:00Z,2026-08-10T23:53:12+00:00,
200411,1,True,11/2004,https://www.bcb.gov.br/content/estabilidadefinanceira/cosif/Bancos/200411BANCOS.zip,2004-11-01T02:00:00Z,2026-08-10T23:53:12+00:00,
200410,1,True,10/2004,https://www.bcb.gov.br/content/estabilidadefinanceira/cosif/Bancos/200410BANCOS.zip,2004-10-01T03:00:00Z,2026-08-10T23:53:12+00:00,
200409,1,True,09/2004,https://www.bcb.gov.br/content/estabilidadefinanceira/cosif/Bancos/200409BANCOS.zip,2004-09-01T03:00:00Z,2026-08-10T23:53:12+00:00,
200408,1,True,08/2004,https://www.bcb.gov.br/content/estabilidadefinanceira/cosif/Bancos/200408BANCOS.zip,2004-08-01T03:00:00Z,2026-08-10T23:53:12+00:00,
200407,1,True,07/2004,https://www.bcb.gov.br/content/estabilidadefinanceira/cosif/Bancos/200407BANCOS.zip,2004-07-01T03:00:00Z,2026-08-10T23:53:12+00:00,
200406,1,True,06/2004,https://www.bcb.gov.br/content/estabilidadefinanceira/cosif/Bancos/200406BANCOS.zip,2004-06-01T03:00:00Z,2026-08-10T23:53:12+00:00,
200405,1,True,05/2004,https://www.bcb.gov.br/content/estabilidadefinanceira/cosif/Bancos/200405BANCOS.zip,2004-05-01T03:00:00Z,2026-08-10T23:53:12+00:00,
200404,1,True,04/2004,https://www.bcb.gov.br/content/estabilidadefinanceira/cosif/Bancos/200404BANCOS.zip,2004-04-01T03:00:00Z,2026-08-10T23:53:12+00:00,
200403,1,True,03/2004,https://www.bcb.gov.br/content/estabilidadefinanceira/cosif/Bancos/200403BANCOS.zip,2004-03-01T03:00:00Z,2026-08-10T23:53:12+00:00,
200402,1,True,02/2004,https://www.bcb.gov.br/content/estabilidadefinanceira/cosif/Bancos/200402BANCOS.zip,2004-02-01T02:00:00Z,2026-08-10T23:53:12+00:00,
200401,1,True,01/2004,https://www.bcb.gov.br/content/estabilidadefinanceira/cosif/Bancos/200401BANCOS.zip,2004-01-01T02:00:00Z,2026-08-10T23:53:12+00:00,
200312,1,True,12/2003,https://www.bcb.gov.br/content/estabilidadefinanceira/cosif/Bancos/200312BANCOS.zip,2003-12-01T02:00:00Z,2026-08-10T23:53:12+00:00,
200311,1,True,11/2003,https://www.bcb.gov.br/content/estabilidadefinanceira/cosif/Bancos/200311BANCOS.zip,2003-11-01T02:00:00Z,2026-08-10T23:53:12+00:00,
200310,1,True,10/2003,https://www.bcb.gov.br/content/estabilidadefinanceira/cosif/Bancos/200310BANCOS.zip,2003-10-01T03:00:00Z,2026-08-10T23:53:12+00:00,
200309,1,True,09/2003,https://www.bcb.gov.br/content/estabilidadefinanceira/cosif/Bancos/200309BANCOS.zip,2003-09-01T03:00:00Z,2026-08-10T23:53:12+00:00,
200308,1,True,08/2003,https://www.bcb.gov.br/content/estabilidadefinanceira/cosif/Bancos/200308BANCOS.zip,2003-08-01T03:00:00Z,2026-08-10T23:53:12+00:00,
200307,1,True,07/2003,https://www.bcb.gov.br/content/estabilidadefinanceira/cosif/Bancos/200307BANCOS.zip,2003-07-01T03:00:00Z,2026-08-10T23:53:12+00:00,
200306,1,True,06/2003,https://www.bcb.gov.br/content/estabilidadefinanceira/cosif/Bancos/200306BANCOS.zip,2003-06-01T03:00:00Z,2026-08-10T23:53:12+00:00,
200305,1,True,05/2003,https://www.bcb.gov.br/content/estabilidadefinanceira/cosif/Bancos/200305BANCOS.zip,2003-05-01T03:00:00Z,2026-08-10T23:53:12+00:00,
200304,1,True,04/2003,https://www.bcb.gov.br/content/estabilidadefinanceira/cosif/Bancos/200304BANCOS.zip,2003-04-01T03:00:00Z,2026-08-10T23:53:12+00:00,
200303,1,True,03/2003,https://www.bcb.gov.br/content/estabilidadefinanceira/cosif/Bancos/200303BANCOS.zip,2003-03-01T03:00:00Z,2026-08-10T23:53:12+00:00,
200302,1,True,02/2003,https://www.bcb.gov.br/content/estabilidadefinanceira/cosif/Bancos/200302BANCOS.zip,2003-02-01T02:00:00Z,2026-08-10T23:53:12+00:00,
200301,1,True,01/2003,https://www.bcb.gov.br/content/estabilidadefinanceira/cosif/Bancos/200301BANCOS.zip,2003-01-01T02:00:00Z,2026-08-10T23:53:12+00:00,
200212,1,True,12/2002,https://www.bcb.gov.br/content/estabilidadefinanceira/cosif/Bancos/200212BANCOS.zip,2002-12-01T02:00:00Z,2026-08-10T23:53:12+00:00,
200211,1,True,11/2002,https://www.bcb.gov.br/content/estabilidadefinanceira/cosif/Bancos/200211BANCOS.zip,2002-11-01T02:00:00Z,2026-08-10T23:53:12+00:00,
200210,1,True,10/2002,https://www.bcb.gov.br/content/estabilidadefinanceira/cosif/Bancos/200210BANCOS.zip,2002-10-01T03:00:00Z,2026-08-10T23:53:12+00:00,
200209,1,True,09/2002,https://www.bcb.gov.br/content/estabilidadefinanceira/cosif/Bancos/200209BANCOS.zip,2002-09-01T03:00:00Z,2026-08-10T23:53:12+00:00,
200208,1,True,08/2002,https://www.bcb.gov.br/content/estabilidadefinanceira/cosif/Bancos/200208BANCOS.zip,2002-08-01T03:00:00Z,2026-08-10T23:53:12+00:00,
200207,1,True,07/2002,https://www.bcb.gov.br/content/estabilidadefinanceira/cosif/Bancos/200207BANCOS.zip,2002-07-01T03:00:00Z,2026-08-10T23:53:12+00:00,
200206,1,True,06/2002,https://www.bcb.gov.br/content/estabilidadefinanceira/cosif/Bancos/200206BANCOS.zip,2002-06-01T03:00:00Z,2026-08-10T23:53:12+00:00,
200205,1,True,05/2002,https://www.bcb.gov.br/content/estabilidadefinanceira/cosif/Bancos/200205BANCOS.zip,2002-05-01T03:00:00Z,2026-08-10T23:53:12+00:00,
200204,1,True,04/2002,https://www.bcb.gov.br/content/estabilidadefinanceira/cosif/Bancos/200204BANCOS.zip,2002-04-01T03:00:00Z,2026-08-10T23:53:12+00:00,
200203,1,True,03/2002,https://www.bcb.gov.br/content/estabilidadefinanceira/cosif/Bancos/200203BANCOS.zip,2002-03-01T03:00:00Z,2026-08-10T23:53:12+00:00,
200202,1,True,02/2002,https://www.bcb.gov.br/content/estabilidadefinanceira/cosif/Bancos/200202BANCOS.zip,2002-02-01T02:00:00Z,2026-08-10T23:53:12+00:00,
200201,1,True,01/2002,https://www.bcb.gov.br/content/estabilidadefinanceira/cosif/Bancos/200201BANCOS.zip,2002-01-01T02:00:00Z,2026-08-10T23:53:12+00:00,
200112,1,True,12/2001,https://www.bcb.gov.br/content/estabilidadefinanceira/cosif/Bancos/200112BANCOS.zip,2001-12-01T02:00:00Z,2026-08-10T23:53:12+00:00,
200111,1,True,11/2001,https://www.bcb.gov.br/content/estabilidadefinanceira/cosif/Bancos/200111BANCOS.zip,2001-11-01T02:00:00Z,2026-08-10T23:53:12+00:00,
200110,1,True,10/2001,https://www.bcb.gov.br/content/estabilidadefinanceira/cosif/Bancos/200110BANCOS.zip,2001-10-01T03:00:00Z,2026-08-10T23:53:12+00:00,
200109,1,True,09/2001,https://www.bcb.gov.br/content/estabilidadefinanceira/cosif/Bancos/200109BANCOS.zip,2001-09-01T03:00:00Z,2026-08-10T23:53:12+00:00,
200108,1,True,08/2001,https://www.bcb.gov.br/content/estabilidadefinanceira/cosif/Bancos/200108BANCOS.zip,2001-08-01T03:00:00Z,2026-08-10T23:53:12+00:00,
200107,1,True,07/2001,https://www.bcb.gov.br/content/estabilidadefinanceira/cosif/Bancos/200107BANCOS.zip,2001-07-01T03:00:00Z,2026-08-10T23:53:12+00:00,
200106,1,True,06/2001,https://www.bcb.gov.br/content/estabilidadefinanceira/cosif/Bancos/200106BANCOS.zip,2001-06-01T03:00:00Z,2026-08-10T23:53:12+00:00,
200105,1,True,05/2001,https://www.bcb.gov.br/content/estabilidadefinanceira/cosif/Bancos/200105BANCOS.zip,2001-05-01T03:00:00Z,2026-08-10T23:53:12+00:00,
200104,1,True,04/2001,https://www.bcb.gov.br/content/estabilidadefinanceira/cosif/Bancos/200104BANCOS.zip,2001-04-01T03:00:00Z,2026-08-10T23:53:12+00:00,
200103,1,True,03/2001,https://www.bcb.gov.br/content/estabilidadefinanceira/cosif/Bancos/200103BANCOS.zip,2001-03-01T03:00:00Z,2026-08-10T23:53:12+00:00,
200102,1,True,02/2001,https://www.bcb.gov.br/content/estabilidadefinanceira/cosif/Bancos/200102BANCOS.zip,2001-02-01T02:00:00Z,2026-08-10T23:53:12+00:00,
200101,1,True,01/2001,https://www.bcb.gov.br/content/estabilidadefinanceira/cosif/Bancos/200101BANCOS.zip,2001-01-01T02:00:00Z,2026-08-10T23:53:12+00:00,
200012,1,True,12/2000,https://www.bcb.gov.br/content/estabilidadefinanceira/cosif/Bancos/200012BANCOS.zip,2000-12-01T02:00:00Z,2026-08-10T23:53:12+00:00,
200011,1,True,11/2000,https://www.bcb.gov.br/content/estabilidadefinanceira/cosif/Bancos/200011BANCOS.zip,2000-11-01T02:00:00Z,2026-08-10T23:53:12+00:00,
200010,1,True,10/2000,https://www.bcb.gov.br/content/estabilidadefinanceira/cosif/Bancos/200010BANCOS.zip,2000-10-01T03:00:00Z,2026-08-10T23:53:12+00:00,
200009,1,True,09/2000,https://www.bcb.gov.br/content/estabilidadefinanceira/cosif/Bancos/200009BANCOS.zip,2000-09-01T03:00:00Z,2026-08-10T23:53:12+00:00,
200008,1,True,08/2000,https://www.bcb.gov.br/content/estabilidadefinanceira/cosif/Bancos/200008BANCOS.zip,2000-08-01T03:00:00Z,2026-08-10T23:53:12+00:00,
200007,1,True,07/2000,https://www.bcb.gov.br/content/estabilidadefinanceira/cosif/Bancos/200007BANCOS.zip,2000-07-01T03:00:00Z,2026-08-10T23:53:12+00:00,
200006,1,True,06/2000,https://www.bcb.gov.br/content/estabilidadefinanceira/cosif/Bancos/200006BANCOS.zip,2000-06-01T03:00:00Z,2026-08-10T23:53:12+00:00,
200005,1,True,05/2000,https://www.bcb.gov.br/content/estabilidadefinanceira/cosif/Bancos/200005BANCOS.zip,2000-05-01T03:00:00Z,2026-08-10T23:53:12+00:00,
200004,1,True,04/2000,https://www.bcb.gov.br/content/estabilidadefinanceira/cosif/Bancos/200004BANCOS.zip,2000-04-01T03:00:00Z,2026-08-10T23:53:12+00:00,
200003,1,True,03/2000,https://www.bcb.gov.br/content/estabilidadefinanceira/cosif/Bancos/200003BANCOS.zip,2000-03-01T03:00:00Z,2026-08-10T23:53:12+00:00,
200002,1,True,02/2000,https://www.bcb.gov.br/content/estabilidadefinanceira/cosif/Bancos/200002BANCOS.zip,2000-02-01T02:00:00Z,2026-08-10T23:53:12+00:00,
200001,1,True,01/2000,https://www.bcb.gov.br/content/estabilidadefinanceira/cosif/Bancos/200001BANCOS.zip,2000-01-01T02:00:00Z,2026-08-10T23:53:12+00:00,
199912,1,True,12/1999,https://www.bcb.gov.br/content/estabilidadefinanceira/cosif/Bancos/199912BANCOS.zip,1999-12-01T02:00:00Z,2026-08-10T23:53:12+00:00,
199911,1,True,11/1999,https://www.bcb.gov.br/content/estabilidadefinanceira/cosif/Bancos/199911BANCOS.zip,1999-11-01T02:00:00Z,2026-08-10T23:53:12+00:00,
199910,1,True,10/1999,https://www.bcb.gov.br/content/estabilidadefinanceira/cosif/Bancos/199910BANCOS.zip,1999-10-01T03:00:00Z,2026-08-10T23:53:12+00:00,
199909,1,True,09/1999,https://www.bcb.gov.br/content/estabilidadefinanceira/cosif/Bancos/199909BANCOS.zip,1999-09-01T03:00:00Z,2026-08-10T23:53:12+00:00,
199908,1,True,08/1999,https://www.bcb.gov.br/content/estabilidadefinanceira/cosif/Bancos/199908BANCOS.zip,1999-08-01T03:00:00Z,2026-08-10T23:53:12+00:00,
199907,1,True,07/1999,https://www.bcb.gov.br/content/estabilidadefinanceira/cosif/Bancos/199907BANCOS.zip,1999-07-01T03:00:00Z,2026-08-10T23:53:12+00:00,
199906,1,True,06/1999,https://www.bcb.gov.br/content/estabilidadefinanceira/cosif/Bancos/199906BANCOS.zip,1999-06-01T03:00:00Z,2026-08-10T23:53:12+00:00,
199905,1,True,05/1999,https://www.bcb.gov.br/content/estabilidadefinanceira/cosif/Bancos/199905BANCOS.zip,1999-05-01T03:00:00Z,2026-08-10T23:53:12+00:00,
199904,1,True,04/1999,https://www.bcb.gov.br/content/estabilidadefinanceira/cosif/Bancos/199904BANCOS.zip,1999-04-01T03:00:00Z,2026-08-10T23:53:12+00:00,
199903,1,True,03/1999,https://www.bcb.gov.br/content/estabilidadefinanceira/cosif/Bancos/199903BANCOS.zip,1999-03-01T03:00:00Z,2026-08-10T23:53:12+00:00,
199902,1,True,02/1999,https://www.bcb.gov.br/content/estabilidadefinanceira/cosif/Bancos/199902BANCOS.zip,1999-02-01T02:00:00Z,2026-08-10T23:53:12+00:00,
199901,1,True,01/1999,https://www.bcb.gov.br/content/estabilidadefinanceira/cosif/Bancos/199901BANCOS.zip,1999-01-01T02:00:00Z,2026-08-10T23:53:12+00:00,
199812,1,True,12/1998,https://www.bcb.gov.br/content/estabilidadefinanceira/cosif/Bancos/199812BANCOS.zip,1998-12-01T02:00:00Z,2026-08-10T23:53:12+00:00,
199811,1,True,11/1998,https://www.bcb.gov.br/content/estabilidadefinanceira/cosif/Bancos/199811BANCOS.zip,1998-11-01T02:00:00Z,2026-08-10T23:53:12+00:00,
199810,1,True,10/1998,https://www.bcb.gov.br/content/estabilidadefinanceira/cosif/Bancos/199810BANCOS.zip,1998-10-01T03:00:00Z,2026-08-10T23:53:12+00:00,
199809,1,True,09/1998,https://www.bcb.gov.br/content/estabilidadefinanceira/cosif/Bancos/199809BANCOS.zip,1998-09-01T03:00:00Z,2026-08-10T23:53:12+00:00,
199808,1,True,08/1998,https://www.bcb.gov.br/content/estabilidadefinanceira/cosif/Bancos/199808BANCOS.zip,1998-08-01T03:00:00Z,2026-08-10T23:53:12+00:00,
199807,1,True,07/1998,https://www.bcb.gov.br/content/estabilidadefinanceira/cosif/Bancos/199807BANCOS.zip,1998-07-01T03:00:00Z,2026-08-10T23:53:12+00:00,
199806,1,True,06/1998,https://www.bcb.gov.br/content/estabilidadefinanceira/cosif/Bancos/199806BANCOS.zip,1998-06-01T03:00:00Z,2026-08-10T23:53:12+00:00,
199805,1,True,05/1998,https://www.bcb.gov.br/content/estabilidadefinanceira/cosif/Bancos/199805BANCOS.zip,1998-05-01T03:00:00Z,2026-08-10T23:53:12+00:00,
199804,1,True,04/1998,https://www.bcb.gov.br/content/estabilidadefinanceira/cosif/Bancos/199804BANCOS.zip,1998-04-01T03:00:00Z,2026-08-10T23:53:12+00:00,
199803,1,True,03/1998,https://www.bcb.gov.br/content/estabilidadefinanceira/cosif/Bancos/199803BANCOS.zip,1998-03-01T03:00:00Z,2026-08-10T23:53:12+00:00,
199802,1,True,02/1998,https://www.bcb.gov.br/content/estabilidadefinanceira/cosif/Bancos/199802BANCOS.zip,1998-02-01T02:00:00Z,2026-08-10T23:53:12+00:00,
199801,1,True,01/1998,https://www.bcb.gov.br/content/estabilidadefinanceira/cosif/Bancos/199801BANCOS.zip,1998-01-01T02:00:00Z,2026-08-10T23:53:12+00:00,
199712,1,True,12/1997,https://www.bcb.gov.br/content/estabilidadefinanceira/cosif/Bancos/199712BANCOS.zip,1997-12-01T02:00:00Z,2026-08-10T23:53:12+00:00,
199711,1,True,11/1997,https://www.bcb.gov.br/content/estabilidadefinanceira/cosif/Bancos/199711BANCOS.zip,1997-11-01T02:00:00Z,2026-08-10T23:53:12+00:00,
199710,1,True,10/1997,https://www.bcb.gov.br/content/estabilidadefinanceira/cosif/Bancos/199710BANCOS.zip,1997-10-01T03:00:00Z,2026-08-10T23:53:12+00:00,
199709,1,True,09/1997,https://www.bcb.gov.br/content/estabilidadefinanceira/cosif/Bancos/199709BANCOS.zip,1997-09-01T03:00:00Z,2026-08-10T23:53:12+00:00,
199708,1,True,08/1997,https://www.bcb.gov.br/content/estabilidadefinanceira/cosif/Bancos/199708BANCOS.zip,1997-08-01T03:00:00Z,2026-08-10T23:53:12+00:00,
199707,1,True,07/1997,https://www.bcb.gov.br/content/estabilidadefinanceira/cosif/Bancos/199707BANCOS.zip,1997-07-01T03:00:00Z,2026-08-10T23:53:12+00:00,
199706,1,True,06/1997,https://www.bcb.gov.br/content/estabilidadefinanceira/cosif/Bancos/199706BANCOS.zip,1997-06-01T03:00:00Z,2026-08-10T23:53:12+00:00,
199705,1,True,05/1997,https://www.bcb.gov.br/content/estabilidadefinanceira/cosif/Bancos/199705BANCOS.zip,1997-05-01T03:00:00Z,2026-08-10T23:53:12+00:00,
199704,1,True,04/1997,https://www.bcb.gov.br/content/estabilidadefinanceira/cosif/Bancos/199704BANCOS.zip,1997-04-01T03:00:00Z,2026-08-10T23:53:12+00:00,
199703,1,True,03/1997,https://www.bcb.gov.br/content/estabilidadefinanceira/cosif/Bancos/199703BANCOS.zip,1997-03-01T03:00:00Z,2026-08-10T23:53:12+00:00,
199702,1,True,02/1997,https://www.bcb.gov.br/content/estabilidadefinanceira/cosif/Bancos/199702BANCOS.zip,1997-02-01T02:00:00Z,2026-08-10T23:53:12+00:00,
199701,1,True,01/1997,https://www.bcb.gov.br/content/estabilidadefinanceira/cosif/Bancos/199701BANCOS.zip,1997-01-01T02:00:00Z,2026-08-10T23:53:12+00:00,
199612,1,True,12/1996,https://www.bcb.gov.br/content/estabilidadefinanceira/cosif/Bancos/199612BANCOS.zip,1996-12-01T02:00:00Z,2026-08-10T23:53:12+00:00,
199611,1,True,11/1996,https://www.bcb.gov.br/content/estabilidadefinanceira/cosif/Bancos/199611BANCOS.zip,1996-11-01T02:00:00Z,2026-08-10T23:53:12+00:00,
199610,1,True,10/1996,https://www.bcb.gov.br/content/estabilidadefinanceira/cosif/Bancos/199610BANCOS.zip,1996-10-01T03:00:00Z,2026-08-10T23:53:12+00:00,
199609,1,True,09/1996,https://www.bcb.gov.br/content/estabilidadefinanceira/cosif/Bancos/199609BANCOS.zip,1996-09-01T03:00:00Z,2026-08-10T23:53:12+00:00,
199608,1,True,08/1996,https://www.bcb.gov.br/content/estabilidadefinanceira/cosif/Bancos/199608BANCOS.zip,1996-08-01T03:00:00Z,2026-08-10T23:53:12+00:00,
199607,1,True,07/1996,https://www.bcb.gov.br/content/estabilidadefinanceira/cosif/Bancos/199607BANCOS.zip,1996-07-01T03:00:00Z,2026-08-10T23:53:12+00:00,
199606,1,True,06/1996,https://www.bcb.gov.br/content/estabilidadefinanceira/cosif/Bancos/199606BANCOS.zip,1996-06-01T03:00:00Z,2026-08-10T23:53:12+00:00,
199605,1,True,05/1996,https://www.bcb.gov.br/content/estabilidadefinanceira/cosif/Bancos/199605BANCOS.zip,1996-05-01T03:00:00Z,2026-08-10T23:53:12+00:00,
199604,1,True,04/1996,https://www.bcb.gov.br/content/estabilidadefinanceira/cosif/Bancos/199604BANCOS.zip,1996-04-01T03:00:00Z,2026-08-10T23:53:12+00:00,
199603,1,True,03/1996,https://www.bcb.gov.br/content/estabilidadefinanceira/cosif/Bancos/199603BANCOS.zip,1996-03-01T03:00:00Z,2026-08-10T23:53:12+00:00,
199602,1,True,02/1996,https://www.bcb.gov.br/content/estabilidadefinanceira/cosif/Bancos/199602BANCOS.zip,1996-02-01T02:00:00Z,2026-08-10T23:53:12+00:00,
199601,1,True,01/1996,https://www.bcb.gov.br/content/estabilidadefinanceira/cosif/Bancos/199601BANCOS.zip,1996-01-01T02:00:00Z,2026-08-10T23:53:12+00:00,
199512,1,True,12/1995,https://www.bcb.gov.br/content/estabilidadefinanceira/cosif/Bancos/199512BANCOS.zip,1995-12-01T02:00:00Z,2026-08-10T23:53:12+00:00,
199511,1,True,11/1995,https://www.bcb.gov.br/content/estabilidadefinanceira/cosif/Bancos/199511BANCOS.zip,1995-11-01T02:00:00Z,2026-08-10T23:53:12+00:00,
199510,1,True,10/1995,https://www.bcb.gov.br/content/estabilidadefinanceira/cosif/Bancos/199510BANCOS.zip,1995-10-01T03:00:00Z,2026-08-10T23:53:12+00:00,
199509,1,True,09/1995,https://www.bcb.gov.br/content/estabilidadefinanceira/cosif/Bancos/199509BANCOS.zip,1995-09-01T03:00:00Z,2026-08-10T23:53:12+00:00,
199508,1,True,08/1995,https://www.bcb.gov.br/content/estabilidadefinanceira/cosif/Bancos/199508BANCOS.zip,1995-08-01T03:00:00Z,2026-08-10T23:53:12+00:00,
199507,1,True,07/1995,https://www.bcb.gov.br/content/estabilidadefinanceira/cosif/Bancos/199507BANCOS.zip,1995-07-01T03:00:00Z,2026-08-10T23:53:12+00:00,
199506,1,True,06/1995,https://www.bcb.gov.br/content/estabilidadefinanceira/cosif/Bancos/199506BANCOS.zip,1995-06-01T03:00:00Z,2026-08-10T23:53:12+00:00,
199505,1,True,05/1995,https://www.bcb.gov.br/content/estabilidadefinanceira/cosif/Bancos/199505BANCOS.zip,1995-05-01T03:00:00Z,2026-08-10T23:53:12+00:00,
199504,1,True,04/1995,https://www.bcb.gov.br/content/estabilidadefinanceira/cosif/Bancos/199504BANCOS.zip,1995-04-01T03:00:00Z,2026-08-10T23:53:12+00:00,
199503,1,True,03/1995,https://www.bcb.gov.br/content/estabilidadefinanceira/cosif/Bancos/199503BANCOS.zip,1995-03-01T03:00:00Z,2026-08-10T23:53:12+00:00,
199502,1,True,02/1995,https://www.bcb.gov.br/content/estabilidadefinanceira/cosif/Bancos/199502BANCOS.zip,1995-02-01T02:00:00Z,2026-08-10T23:53:12+00:00,
199501,1,True,01/1995,https://www.bcb.gov.br/content/estabilidadefinanceira/cosif/Bancos/199501BANCOS.zip,1995-01-01T02:00:00Z,2026-08-10T23:53:12+00:00,
199412,1,True,12/1994,https://www.bcb.gov.br/content/estabilidadefinanceira/cosif/Bancos/199412BANCOS.zip,1994-12-01T02:00:00Z,2026-08-10T23:53:12+00:00,
199411,1,True,11/1994,https://www.bcb.gov.br/content/estabilidadefinanceira/cosif/Bancos/199411BANCOS.zip,1994-11-01T02:00:00Z,2026-08-10T23:53:12+00:00,
199410,1,True,10/1994,https://www.bcb.gov.br/content/estabilidadefinanceira/cosif/Bancos/199410BANCOS.zip,1994-10-01T03:00:00Z,2026-08-10T23:53:12+00:00,
199409,1,True,09/1994,https://www.bcb.gov.br/content/estabilidadefinanceira/cosif/Bancos/199409BANCOS.zip,1994-09-01T03:00:00Z,2026-08-10T23:53:12+00:00,
199408,1,True,08/1994,https://www.bcb.gov.br/content/estabilidadefinanceira/cosif/Bancos/199408BANCOS.zip,1994-08-01T03:00:00Z,2026-08-10T23:53:12+00:00,
199407,1,True,07/1994,https://www.bcb.gov.br/content/estabilidadefinanceira/cosif/Bancos/199407BANCOS.zip,1994-07-01T03:00:00Z,2026-08-10T23:53:12+00:00,
199406,1,True,06/1994,https://www.bcb.gov.br/content/estabilidadefinanceira/cosif/Bancos/199406BANCOS.ZIP,1994-06-01T03:00:00Z,2026-08-10T23:53:12+00:00,
199405,1,True,05/1994,https://www.bcb.gov.br/content/estabilidadefinanceira/cosif/Bancos/199405BANCOS.ZIP,1994-05-01T03:00:00Z,2026-08-10T23:53:12+00:00,
199404,1,True,04/1994,https://www.bcb.gov.br/content/estabilidadefinanceira/cosif/Bancos/199404BANCOS.ZIP,1994-04-01T03:00:00Z,2026-08-10T23:53:12+00:00,
199403,1,True,03/1994,https://www.bcb.gov.br/content/estabilidadefinanceira/cosif/Bancos/199403BANCOS.ZIP,1994-03-01T03:00:00Z,2026-08-10T23:53:12+00:00,
199402,1,True,02/1994,https://www.bcb.gov.br/content/estabilidadefinanceira/cosif/Bancos/199402BANCOS.ZIP,1994-02-01T02:00:00Z,2026-08-10T23:53:12+00:00,
199401,1,True,01/1994,https://www.bcb.gov.br/content/estabilidadefinanceira/cosif/Bancos/199401BANCOS.ZIP,1994-01-01T02:00:00Z,2026-08-10T23:53:12+00:00,
199312,1,True,12/1993,https://www.bcb.gov.br/content/estabilidadefinanceira/cosif/Bancos/199312BANCOS.ZIP,1993-12-01T02:00:00Z,2026-08-10T23:53:12+00:00,
199311,1,True,11/1993,https://www.bcb.gov.br/content/estabilidadefinanceira/cosif/Bancos/199311BANCOS.ZIP,1993-11-01T02:00:00Z,2026-08-10T23:53:12+00:00,
199310,1,True,10/1993,https://www.bcb.gov.br/content/estabilidadefinanceira/cosif/Bancos/199310BANCOS.ZIP,1993-10-01T03:00:00Z,2026-08-10T23:53:12+00:00,
199309,1,True,09/1993,https://www.bcb.gov.br/content/estabilidadefinanceira/cosif/Bancos/199309BANCOS.ZIP,1993-09-01T03:00:00Z,2026-08-10T23:53:12+00:00,
199308,1,True,08/1993,https://www.bcb.gov.br/content/estabilidadefinanceira/cosif/Bancos/199308BANCOS.ZIP,1993-08-01T03:00:00Z,2026-08-10T23:53:12+00:00,
199307,1,True,07/1993,https://www.bcb.gov.br/content/estabilidadefinanceira/cosif/Bancos/199307BANCOS.ZIP,1993-07-01T03:00:00Z,2026-08-10T23:53:12+00:00,
199306,1,True,06/1993,https://www.bcb.gov.br/content/estabilidadefinanceira/cosif/Bancos/199306BANCOS.ZIP,1993-06-01T03:00:00Z,2026-08-10T23:53:12+00:00,
199305,1,True,05/1993,https://www.bcb.gov.br/content/estabilidadefinanceira/cosif/Bancos/199305BANCOS.ZIP,1993-05-01T03:00:00Z,2026-08-10T23:53:12+00:00,
199304,1,True,04/1993,https://www.bcb.gov.br/content/estabilidadefinanceira/cosif/Bancos/199304BANCOS.ZIP,1993-04-01T03:00:00Z,2026-08-10T23:53:12+00:00,
199303,1,True,03/1993,https://www.bcb.gov.br/content/estabilidadefinanceira/cosif/Bancos/199303BANCOS.ZIP,1993-03-01T03:00:00Z,2026-08-10T23:53:12+00:00,
199302,1,True,02/1993,https://www.bcb.gov.br/content/estabilidadefinanceira/cosif/Bancos/199302BANCOS.ZIP,1993-02-01T02:00:00Z,2026-08-10T23:53:12+00:00,
199301,1,True,01/1993,https://www.bcb.gov.br/content/estabilidadefinanceira/cosif/Bancos/199301BANCOS.ZIP,1993-01-01T02:00:00Z,2026-08-10T23:53:12+00:00,
199212,1,True,12/1992,https://www.bcb.gov.br/content/estabilidadefinanceira/cosif/Bancos/199212BANCOS.ZIP,1992-12-01T02:00:00Z,2026-08-10T23:53:12+00:00,
199211,1,True,11/1992,https://www.bcb.gov.br/content/estabilidadefinanceira/cosif/Bancos/199211BANCOS.ZIP,1992-11-01T02:00:00Z,2026-08-10T23:53:12+00:00,
199210,1,True,10/1992,https://www.bcb.gov.br/content/estabilidadefinanceira/cosif/Bancos/199210BANCOS.ZIP,1992-10-01T03:00:00Z,2026-08-10T23:53:12+00:00,
199209,1,True,09/1992,https://www.bcb.gov.br/content/estabilidadefinanceira/cosif/Bancos/199209BANCOS.ZIP,1992-09-01T03:00:00Z,2026-08-10T23:53:12+00:00,
199208,1,True,08/1992,https://www.bcb.gov.br/content/estabilidadefinanceira/cosif/Bancos/199208BANCOS.ZIP,1992-08-01T03:00:00Z,2026-08-10T23:53:12+00:00,
199207,1,True,07/1992,https://www.bcb.gov.br/content/estabilidadefinanceira/cosif/Bancos/199207BANCOS.ZIP,1992-07-01T03:00:00Z,2026-08-10T23:53:12+00:00,
199206,1,True,06/1992,https://www.bcb.gov.br/content/estabilidadefinanceira/cosif/Bancos/199206BANCOS.ZIP,1992-06-01T03:00:00Z,2026-08-10T23:53:12+00:00,
199205,1,True,05/1992,https://www.bcb.gov.br/content/estabilidadefinanceira/cosif/Bancos/199205BANCOS.ZIP,1992-05-01T03:00:00Z,2026-08-10T23:53:12+00:00,
199204,1,True,04/1992,https://www.bcb.gov.br/content/estabilidadefinanceira/cosif/Bancos/199204BANCOS.ZIP,1992-04-01T03:00:00Z,2026-08-10T23:53:12+00:00,
199203,1,True,03/1992,https://www.bcb.gov.br/content/estabilidadefinanceira/cosif/Bancos/199203BANCOS.ZIP,1992-03-01T03:00:00Z,2026-08-10T23:53:12+00:00,
199202,1,True,02/1992,https://www.bcb.gov.br/content/estabilidadefinanceira/cosif/Bancos/199202BANCOS.ZIP,1992-02-01T02:00:00Z,2026-08-10T23:53:12+00:00,
199201,1,True,01/1992,https://www.bcb.gov.br/content/estabilidadefinanceira/cosif/Bancos/199201BANCOS.ZIP,1992-01-01T02:00:00Z,2026-08-10T23:53:12+00:00,
199112,1,True,12/1991,https://www.bcb.gov.br/content/estabilidadefinanceira/cosif/Bancos/199112BANCOS.ZIP,1991-12-01T02:00:00Z,2026-08-10T23:53:12+00:00,
199111,1,True,11/1991,https://www.bcb.gov.br/content/estabilidadefinanceira/cosif/Bancos/199111BANCOS.ZIP,1991-11-01T02:00:00Z,2026-08-10T23:53:12+00:00,
199110,1,True,10/1991,https://www.bcb.gov.br/content/estabilidadefinanceira/cosif/Bancos/199110BANCOS.ZIP,1991-10-01T03:00:00Z,2026-08-10T23:53:12+00:00,
199109,1,True,09/1991,https://www.bcb.gov.br/content/estabilidadefinanceira/cosif/Bancos/199109BANCOS.ZIP,1991-09-01T03:00:00Z,2026-08-10T23:53:12+00:00,
199108,1,True,08/1991,https://www.bcb.gov.br/content/estabilidadefinanceira/cosif/Bancos/199108BANCOS.ZIP,1991-08-01T03:00:00Z,2026-08-10T23:53:12+00:00,
199107,1,True,07/1991,https://www.bcb.gov.br/content/estabilidadefinanceira/cosif/Bancos/199107BANCOS.ZIP,1991-07-01T03:00:00Z,2026-08-10T23:53:12+00:00,
199106,1,True,06/1991,https://www.bcb.gov.br/content/estabilidadefinanceira/cosif/Bancos/199106BANCOS.ZIP,1991-06-01T03:00:00Z,2026-08-10T23:53:12+00:00,
199105,1,True,05/1991,https://www.bcb.gov.br/content/estabilidadefinanceira/cosif/Bancos/199105BANCOS.ZIP,1991-05-01T03:00:00Z,2026-08-10T23:53:12+00:00,
199104,1,True,04/1991,https://www.bcb.gov.br/content/estabilidadefinanceira/cosif/Bancos/199104BANCOS.ZIP,1991-04-01T03:00:00Z,2026-08-10T23:53:12+00:00,
199103,1,True,03/1991,https://www.bcb.gov.br/content/estabilidadefinanceira/cosif/Bancos/199103BANCOS.ZIP,1991-03-01T03:00:00Z,2026-08-10T23:53:12+00:00,
199102,1,True,02/1991,https://www.bcb.gov.br/content/estabilidadefinanceira/cosif/Bancos/199102BANCOS.ZIP,1991-02-01T02:00:00Z,2026-08-10T23:53:12+00:00,
199101,1,True,01/1991,https://www.bcb.gov.br/content/estabilidadefinanceira/cosif/Bancos/199101BANCOS.ZIP,1991-01-01T02:00:00Z,2026-08-10T23:53:12+00:00,
199012,1,True,12/1990,https://www.bcb.gov.br/content/estabilidadefinanceira/cosif/Bancos/199012BANCOS.ZIP,1990-12-01T02:00:00Z,2026-08-10T23:53:12+00:00,
199011,1,True,11/1990,https://www.bcb.gov.br/content/estabilidadefinanceira/cosif/Bancos/199011BANCOS.ZIP,1990-11-01T02:00:00Z,2026-08-10T23:53:12+00:00,
199010,1,True,10/1990,https://www.bcb.gov.br/content/estabilidadefinanceira/cosif/Bancos/199010BANCOS.ZIP,1990-10-01T03:00:00Z,2026-08-10T23:53:12+00:00,
199009,1,True,09/1990,https://www.bcb.gov.br/content/estabilidadefinanceira/cosif/Bancos/199009BANCOS.ZIP,1990-09-01T03:00:00Z,2026-08-10T23:53:12+00:00,
199008,1,True,08/1990,https://www.bcb.gov.br/content/estabilidadefinanceira/cosif/Bancos/199008BANCOS.ZIP,1990-08-01T03:00:00Z,2026-08-10T23:53:12+00:00,
199007,1,True,07/1990,https://www.bcb.gov.br/content/estabilidadefinanceira/cosif/Bancos/199007BANCOS.ZIP,1990-07-01T03:00:00Z,2026-08-10T23:53:12+00:00,
199006,1,True,06/1990,https://www.bcb.gov.br/content/estabilidadefinanceira/cosif/Bancos/199006BANCOS.ZIP,1990-06-01T03:00:00Z,2026-08-10T23:53:12+00:00,
199005,1,True,05/1990,https://www.bcb.gov.br/content/estabilidadefinanceira/cosif/Bancos/199005BANCOS.ZIP,1990-05-01T03:00:00Z,2026-08-10T23:53:12+00:00,
199004,1,True,04/1990,https://www.bcb.gov.br/content/estabilidadefinanceira/cosif/Bancos/199004BANCOS.ZIP,1990-04-01T03:00:00Z,2026-08-10T23:53:12+00:00,
199003,1,True,03/1990,https://www.bcb.gov.br/content/estabilidadefinanceira/cosif/Bancos/199003BANCOS.ZIP,1990-03-01T03:00:00Z,2026-08-10T23:53:12+00:00,
199002,1,True,02/1990,https://www.bcb.gov.br/content/estabilidadefinanceira/cosif/Bancos/199002BANCOS.ZIP,1990-02-01T02:00:00Z,2026-08-10T23:53:12+00:00,
199001,1,True,01/1990,https://www.bcb.gov.br/content/estabilidadefinanceira/cosif/Bancos/199001BANCOS.ZIP,1990-01-01T02:00:00Z,2026-08-10T23:53:12+00:00,
198912,1,True,12/1989,https://www.bcb.gov.br/content/estabilidadefinanceira/cosif/Bancos/198912BANCOS.ZIP,1989-12-01T02:00:00Z,2026-08-10T23:53:12+00:00,
198911,1,True,11/1989,https://www.bcb.gov.br/content/estabilidadefinanceira/cosif/Bancos/198911BANCOS.ZIP,1989-11-01T02:00:00Z,2026-08-10T23:53:12+00:00,
198910,1,True,10/1989,https://www.bcb.gov.br/content/estabilidadefinanceira/cosif/Bancos/198910BANCOS.ZIP,1989-10-01T03:00:00Z,2026-08-10T23:53:12+00:00,
198909,1,True,09/1989,https://www.bcb.gov.br/content/estabilidadefinanceira/cosif/Bancos/198909BANCOS.ZIP,1989-09-01T03:00:00Z,2026-08-10T23:53:12+00:00,
198908,1,True,08/1989,https://www.bcb.gov.br/content/estabilidadefinanceira/cosif/Bancos/198908BANCOS.ZIP,1989-08-01T03:00:00Z,2026-08-10T23:53:12+00:00,
198907,1,True,07/1989,https://www.bcb.gov.br/content/estabilidadefinanceira/cosif/Bancos/198907BANCOS.ZIP,1989-07-01T03:00:00Z,2026-08-10T23:53:12+00:00,
198906,1,True,06/1989,https://www.bcb.gov.br/content/estabilidadefinanceira/cosif/Bancos/198906BANCOS.ZIP,1989-06-01T03:00:00Z,2026-08-10T23:53:12+00:00,
198905,1,True,05/1989,https://www.bcb.gov.br/content/estabilidadefinanceira/cosif/Bancos/198905BANCOS.ZIP,1989-05-01T03:00:00Z,2026-08-10T23:53:12+00:00,
198904,1,True,04/1989,https://www.bcb.gov.br/content/estabilidadefinanceira/cosif/Bancos/198904BANCOS.ZIP,1989-04-01T03:00:00Z,2026-08-10T23:53:12+00:00,
198903,1,True,03/1989,https://www.bcb.gov.br/content/estabilidadefinanceira/cosif/Bancos/198903BANCOS.ZIP,1989-03-01T03:00:00Z,2026-08-10T23:53:12+00:00,
198902,1,True,02/1989,https://www.bcb.gov.br/content/estabilidadefinanceira/cosif/Bancos/198902BANCOS.ZIP,1989-02-01T02:00:00Z,2026-08-10T23:53:12+00:00,
198901,1,True,01/1989,https://www.bcb.gov.br/content/estabilidadefinanceira/cosif/Bancos/198901BANCOS.ZIP,1989-01-01T02:00:00Z,2026-08-10T23:53:12+00:00,
198812,1,True,12/1988,https://www.bcb.gov.br/content/estabilidadefinanceira/cosif/Bancos/198812BANCOS.ZIP,1988-12-01T02:00:00Z,2026-08-10T23:53:12+00:00,
198811,1,True,11/1988,https://www.bcb.gov.br/content/estabilidadefinanceira/cosif/Bancos/198811BANCOS.ZIP,1988-11-01T02:00:00Z,2026-08-10T23:53:12+00:00,
198810,1,True,10/1988,https://www.bcb.gov.br/content/estabilidadefinanceira/cosif/Bancos/198810BANCOS.ZIP,1988-10-01T03:00:00Z,2026-08-10T23:53:12+00:00,
198809,1,True,09/1988,https://www.bcb.gov.br/content/estabilidadefinanceira/cosif/Bancos/198809BANCOS.ZIP,1988-09-01T03:00:00Z,2026-08-10T23:53:12+00:00,
198808,1,True,08/1988,https://www.bcb.gov.br/content/estabilidadefinanceira/cosif/Bancos/198808BANCOS.ZIP,1988-08-01T03:00:00Z,2026-08-10T23:53:12+00:00,
198807,1,True,07/1988,https://www.bcb.gov.br/content/estabilidadefinanceira/cosif/Bancos/198807BANCOS.ZIP,1988-07-01T03:00:00Z,2026-08-10T23:53:12+00:00,
202512,2,True,202512BANCOS.zip.csv.zip,https://www.bcb.gov.br/content/estabilidadefinanceira/cosif/Bancos/202512BANCOS.zip.csv.zip,2026-04-01T22:13:22Z,2026-08-10T23:53:12+00:00,
