report_period,freeze_rank,institution_cnpj,institution_name,document_code,realizable_assets_brl,permanent_assets_brl,total_assets_brl,source_checksum
202501,1,00000000,BCO DO BRASIL S.A.,4010,2193750999420.50,80721825813.28,2274472825233.78,167bcf1231df1601314f6a3a669a5b548a872f383d067e52b47bdfb6a0322479
202501,2,00360305,CAIXA ECONOMICA FEDERAL,4010,2031520115181.88,20759468805.93,2052279583987.81,167bcf1231df1601314f6a3a669a5b548a872f383d067e52b47bdfb6a0322479
202501,3,60701190,ITAÚ UNIBANCO S.A.,4010,1742237147931.73,209666614779.26,1951903762710.99,167bcf1231df1601314f6a3a669a5b548a872f383d067e52b47bdfb6a0322479
202501,4,60746948,BCO BRADESCO S.A.,4010,1495561441329.43,137606761512.96,1633168202842.39,167bcf1231df1601314f6a3a669a5b548a872f383d067e52b47bdfb6a0322479
202501,5,90400888,BCO SANTANDER (BRASIL) S.A.,4010,989966015875.46,119559138875.85,1109525154751.31,167bcf1231df1601314f6a3a669a5b548a872f383d067e52b47bdfb6a0322479
202501,6,33657248,BNDES,4010,733838487801.75,96337588322.16,830176076123.91,167bcf1231df1601314f6a3a669a5b548a872f383d067e52b47bdfb6a0322479
202501,7,30306294,BANCO BTG PACTUAL S.A.,4010,378641121157.93,73639099107.81,452280220265.74,167bcf1231df1601314f6a3a669a5b548a872f383d067e52b47bdfb6a0322479
202501,8,60872504,ITAÚ UNIBANCO HOLDING S.A.,4010,244499254481.00,203899815752.49,448399070233.49,167bcf1231df1601314f6a3a669a5b548a872f383d067e52b47bdfb6a0322479
202501,9,58160789,BCO SAFRA S.A.,4010,231275620924.87,12802583864.63,244078204789.50,167bcf1231df1601314f6a3a669a5b548a872f383d067e52b47bdfb6a0322479
202501,10,01181521,BCO COOPERATIVO SICREDI S.A.,4010,191717787213.96,265092741.02,191982879954.98,167bcf1231df1601314f6a3a669a5b548a872f383d067e52b47bdfb6a0322479
202501,11,33264668,BCO XP S.A.,4010,168437999440.97,16715593697.63,185153593138.60,167bcf1231df1601314f6a3a669a5b548a872f383d067e52b47bdfb6a0322479
202501,12,02038232,BANCO SICOOB S.A.,4010,154511458601.26,1456141339.44,155967599940.70,167bcf1231df1601314f6a3a669a5b548a872f383d067e52b47bdfb6a0322479
202501,13,33479023,BCO CITIBANK S.A.,4010,176602777349.38,677160738.08,177279938087.46,167bcf1231df1601314f6a3a669a5b548a872f383d067e52b47bdfb6a0322479
202501,14,92702067,BCO DO ESTADO DO RS S.A.,4010,141606400441.70,4890435213.25,146496835654.95,167bcf1231df1601314f6a3a669a5b548a872f383d067e52b47bdfb6a0322479
202501,15,59588111,BCO VOTORANTIM S.A.,4010,127445509071.78,7060562362.40,134506071434.18,167bcf1231df1601314f6a3a669a5b548a872f383d067e52b47bdfb6a0322479
202502,1,00000000,BCO DO BRASIL S.A.,4010,2206500672759.48,82617090248.54,2289117763008.02,0bb9539164f50976d5f4396d1ed586b2cbe2d7b0a75d18a1f7a278444787340d
202502,2,00360305,CAIXA ECONOMICA FEDERAL,4010,2034367573994.58,21391251181.10,2055758825175.68,0bb9539164f50976d5f4396d1ed586b2cbe2d7b0a75d18a1f7a278444787340d
202502,3,60701190,ITAÚ UNIBANCO S.A.,4010,1741274448904.84,207631020689.99,1948905469594.83,0bb9539164f50976d5f4396d1ed586b2cbe2d7b0a75d18a1f7a278444787340d
202502,4,60746948,BCO BRADESCO S.A.,4010,1488319221446.54,139785002906.79,1628104224353.33,0bb9539164f50976d5f4396d1ed586b2cbe2d7b0a75d18a1f7a278444787340d
202502,5,90400888,BCO SANTANDER (BRASIL) S.A.,4010,1014563899167.14,120732666189.05,1135296565356.19,0bb9539164f50976d5f4396d1ed586b2cbe2d7b0a75d18a1f7a278444787340d
202502,6,33657248,BNDES,4010,743960453308.59,95438424063.84,839398877372.43,0bb9539164f50976d5f4396d1ed586b2cbe2d7b0a75d18a1f7a278444787340d
202502,7,30306294,BANCO BTG PACTUAL S.A.,4010,371039849792.73,74730304565.12,445770154357.85,0bb9539164f50976d5f4396d1ed586b2cbe2d7b0a75d18a1f7a278444787340d
202502,8,60872504,ITAÚ UNIBANCO HOLDING S.A.,4010,258111841809.78,197899248156.82,456011089966.60,0bb9539164f50976d5f4396d1ed586b2cbe2d7b0a75d18a1f7a278444787340d
202502,9,58160789,BCO SAFRA S.A.,4010,221759023073.64,13117442535.24,234876465608.88,0bb9539164f50976d5f4396d1ed586b2cbe2d7b0a75d18a1f7a278444787340d
202502,10,01181521,BCO COOPERATIVO SICREDI S.A.,4010,201086903975.54,265642783.13,201352546758.67,0bb9539164f50976d5f4396d1ed586b2cbe2d7b0a75d18a1f7a278444787340d
202502,11,33264668,BCO XP S.A.,4010,179454533341.10,16708418592.75,196162951933.85,0bb9539164f50976d5f4396d1ed586b2cbe2d7b0a75d18a1f7a278444787340d
202502,12,02038232,BANCO SICOOB S.A.,4010,158555007605.79,1490283426.89,160045291032.68,0bb9539164f50976d5f4396d1ed586b2cbe2d7b0a75d18a1f7a278444787340d
202502,13,33479023,BCO CITIBANK S.A.,4010,183236393517.44,697041541.97,183933435059.41,0bb9539164f50976d5f4396d1ed586b2cbe2d7b0a75d18a1f7a278444787340d
202502,14,92702067,BCO DO ESTADO DO RS S.A.,4010,143536604784.41,4928837934.50,148465442718.91,0bb9539164f50976d5f4396d1ed586b2cbe2d7b0a75d18a1f7a278444787340d
202502,15,59588111,BCO VOTORANTIM S.A.,4010,135875026177.42,7065693340.22,142940719517.64,0bb9539164f50976d5f4396d1ed586b2cbe2d7b0a75d18a1f7a278444787340d
202503,1,00000000,BCO DO BRASIL S.A.,4010,2237618003194.57,83776438280.02,2321394441474.59,489ce381f2313fdda5e849eb05bf362a18ae6cf7698e855a36396c76a3f3e444
202503,2,00360305,CAIXA ECONOMICA FEDERAL,4010,2067612894655.52,21392131669.16,2089005026324.68,489ce381f2313fdda5e849eb05bf362a18ae6cf7698e855a36396c76a3f3e444
202503,3,60701190,ITAÚ UNIBANCO S.A.,4010,1740518717920.34,196044323591.22,1936563041511.56,489ce381f2313fdda5e849eb05bf362a18ae6cf7698e855a36396c76a3f3e444
202503,4,60746948,BCO BRADESCO S.A.,4010,1482735083999.23,139865153998.33,1622600237997.56,489ce381f2313fdda5e849eb05bf362a18ae6cf7698e855a36396c76a3f3e444
202503,5,90400888,BCO SANTANDER (BRASIL) S.A.,4010,1044929162599.66,120320058710.01,1165249221309.67,489ce381f2313fdda5e849eb05bf362a18ae6cf7698e855a36396c76a3f3e444
202503,6,33657248,BNDES,4010,758379606294.20,99306738470.83,857686344765.03,489ce381f2313fdda5e849eb05bf362a18ae6cf7698e855a36396c76a3f3e444
202503,7,30306294,BANCO BTG PACTUAL S.A.,4010,371739932645.92,75943186604.29,447683119250.21,489ce381f2313fdda5e849eb05bf362a18ae6cf7698e855a36396c76a3f3e444
202503,8,60872504,ITAÚ UNIBANCO HOLDING S.A.,4010,241883087310.52,197944831822.63,439827919133.15,489ce381f2313fdda5e849eb05bf362a18ae6cf7698e855a36396c76a3f3e444
202503,9,58160789,BCO SAFRA S.A.,4010,223668240179.14,13313766790.81,236982006969.95,489ce381f2313fdda5e849eb05bf362a18ae6cf7698e855a36396c76a3f3e444
202503,10,01181521,BCO COOPERATIVO SICREDI S.A.,4010,203420173716.12,269383712.30,203689557428.42,489ce381f2313fdda5e849eb05bf362a18ae6cf7698e855a36396c76a3f3e444
202503,11,33264668,BCO XP S.A.,4010,176104959289.43,17065657258.59,193170616548.02,489ce381f2313fdda5e849eb05bf362a18ae6cf7698e855a36396c76a3f3e444
202503,12,02038232,BANCO SICOOB S.A.,4010,165081990039.42,1521468430.67,166603458470.09,489ce381f2313fdda5e849eb05bf362a18ae6cf7698e855a36396c76a3f3e444
202503,13,33479023,BCO CITIBANK S.A.,4010,181954381795.32,711023665.95,182665405461.27,489ce381f2313fdda5e849eb05bf362a18ae6cf7698e855a36396c76a3f3e444
202503,14,92702067,BCO DO ESTADO DO RS S.A.,4010,146198765071.39,4982872009.55,151181637080.94,489ce381f2313fdda5e849eb05bf362a18ae6cf7698e855a36396c76a3f3e444
202503,15,59588111,BCO VOTORANTIM S.A.,4010,128445099666.10,7199849740.53,135644949406.63,489ce381f2313fdda5e849eb05bf362a18ae6cf7698e855a36396c76a3f3e444
202504,1,00000000,BCO DO BRASIL S.A.,4010,2259850396751.25,79844435509.75,2339694832261.00,a90f3cee41713ec1aa6dde69e9cadb106226ca1aa940d839f73e8dc17fd4d1a1
202504,2,00360305,CAIXA ECONOMICA FEDERAL,4010,2060679945832.83,20320220036.77,2081000165869.60,a90f3cee41713ec1aa6dde69e9cadb106226ca1aa940d839f73e8dc17fd4d1a1
202504,3,60701190,ITAÚ UNIBANCO S.A.,4010,1772320700804.27,197609900737.41,1969930601541.68,a90f3cee41713ec1aa6dde69e9cadb106226ca1aa940d839f73e8dc17fd4d1a1
202504,4,60746948,BCO BRADESCO S.A.,4010,1491226096839.81,140130030970.38,1631356127810.19,a90f3cee41713ec1aa6dde69e9cadb106226ca1aa940d839f73e8dc17fd4d1a1
202504,5,90400888,BCO SANTANDER (BRASIL) S.A.,4010,1034921112135.99,120232084251.87,1155153196387.86,a90f3cee41713ec1aa6dde69e9cadb106226ca1aa940d839f73e8dc17fd4d1a1
202504,6,33657248,BNDES,4010,762793232009.03,98433731091.03,861226963100.06,a90f3cee41713ec1aa6dde69e9cadb106226ca1aa940d839f73e8dc17fd4d1a1
202504,7,30306294,BANCO BTG PACTUAL S.A.,4010,389964400445.55,77085224613.28,467049625058.83,a90f3cee41713ec1aa6dde69e9cadb106226ca1aa940d839f73e8dc17fd4d1a1
202504,8,60872504,ITAÚ UNIBANCO HOLDING S.A.,4010,242992910292.76,199791801444.86,442784711737.62,a90f3cee41713ec1aa6dde69e9cadb106226ca1aa940d839f73e8dc17fd4d1a1
202504,9,58160789,BCO SAFRA S.A.,4010,222816080791.21,13144800313.08,235960881104.29,a90f3cee41713ec1aa6dde69e9cadb106226ca1aa940d839f73e8dc17fd4d1a1
202504,10,01181521,BCO COOPERATIVO SICREDI S.A.,4010,203412292005.42,273099225.03,203685391230.45,a90f3cee41713ec1aa6dde69e9cadb106226ca1aa940d839f73e8dc17fd4d1a1
202504,11,33264668,BCO XP S.A.,4010,172455197166.94,17036156055.93,189491353222.87,a90f3cee41713ec1aa6dde69e9cadb106226ca1aa940d839f73e8dc17fd4d1a1
202504,12,02038232,BANCO SICOOB S.A.,4010,173596745955.50,1554597529.52,175151343485.02,a90f3cee41713ec1aa6dde69e9cadb106226ca1aa940d839f73e8dc17fd4d1a1
202504,13,33479023,BCO CITIBANK S.A.,4010,180397027184.65,732871214.09,181129898398.74,a90f3cee41713ec1aa6dde69e9cadb106226ca1aa940d839f73e8dc17fd4d1a1
202504,14,92702067,BCO DO ESTADO DO RS S.A.,4010,149525170677.58,4967474071.88,154492644749.46,a90f3cee41713ec1aa6dde69e9cadb106226ca1aa940d839f73e8dc17fd4d1a1
202504,15,59588111,BCO VOTORANTIM S.A.,4010,127719184790.27,7181801158.59,134900985948.86,a90f3cee41713ec1aa6dde69e9cadb106226ca1aa940d839f73e8dc17fd4d1a1
202505,1,00000000,BCO DO BRASIL S.A.,4010,2262934283401.16,81766108280.46,2344700391681.62,ddff153357d66cad7f1fe2292b1c2bf3ce6e5330b12b37242b7ef3c5ecee9494
202505,2,00360305,CAIXA ECONOMICA FEDERAL,4010,2076841049211.86,20056423971.90,2096897473183.76,ddff153357d66cad7f1fe2292b1c2bf3ce6e5330b12b37242b7ef3c5ecee9494
202505,3,60701190,ITAÚ UNIBANCO S.A.,4010,1758795074822.07,200121576365.81,1958916651187.88,ddff153357d66cad7f1fe2292b1c2bf3ce6e5330b12b37242b7ef3c5ecee9494
202505,4,60746948,BCO BRADESCO S.A.,4010,1523642022779.73,141948851083.00,1665590873862.73,ddff153357d66cad7f1fe2292b1c2bf3ce6e5330b12b37242b7ef3c5ecee9494
202505,5,90400888,BCO SANTANDER (BRASIL) S.A.,4010,1025901120068.60,121533753094.35,1147434873162.95,ddff153357d66cad7f1fe2292b1c2bf3ce6e5330b12b37242b7ef3c5ecee9494
202505,6,33657248,BNDES,4010,781000515476.96,100090980293.80,881091495770.76,ddff153357d66cad7f1fe2292b1c2bf3ce6e5330b12b37242b7ef3c5ecee9494
202505,7,30306294,BANCO BTG PACTUAL S.A.,4010,404389980404.70,78796148042.46,483186128447.16,ddff153357d66cad7f1fe2292b1c2bf3ce6e5330b12b37242b7ef3c5ecee9494
202505,8,60872504,ITAÚ UNIBANCO HOLDING S.A.,4010,247982817393.77,202784992497.43,450767809891.20,ddff153357d66cad7f1fe2292b1c2bf3ce6e5330b12b37242b7ef3c5ecee9494
202505,9,58160789,BCO SAFRA S.A.,4010,219427002420.03,13390337069.16,232817339489.19,ddff153357d66cad7f1fe2292b1c2bf3ce6e5330b12b37242b7ef3c5ecee9494
202505,10,01181521,BCO COOPERATIVO SICREDI S.A.,4010,205708484612.53,276225969.23,205984710581.76,ddff153357d66cad7f1fe2292b1c2bf3ce6e5330b12b37242b7ef3c5ecee9494
202505,11,33264668,BCO XP S.A.,4010,168086015239.06,18287061671.90,186373076910.96,ddff153357d66cad7f1fe2292b1c2bf3ce6e5330b12b37242b7ef3c5ecee9494
202505,12,02038232,BANCO SICOOB S.A.,4010,177918448259.65,1467575971.07,179386024230.72,ddff153357d66cad7f1fe2292b1c2bf3ce6e5330b12b37242b7ef3c5ecee9494
202505,13,33479023,BCO CITIBANK S.A.,4010,176840609872.43,758242532.88,177598852405.31,ddff153357d66cad7f1fe2292b1c2bf3ce6e5330b12b37242b7ef3c5ecee9494
202505,14,92702067,BCO DO ESTADO DO RS S.A.,4010,150817670622.65,5015174613.65,155832845236.30,ddff153357d66cad7f1fe2292b1c2bf3ce6e5330b12b37242b7ef3c5ecee9494
202505,15,59588111,BCO VOTORANTIM S.A.,4010,132513485326.57,7295464058.92,139808949385.49,ddff153357d66cad7f1fe2292b1c2bf3ce6e5330b12b37242b7ef3c5ecee9494
202506,1,00000000,BCO DO BRASIL S.A.,4010,2262714292140.89,78168079188.96,2340882371329.85,8e19913e741e6805e716b312f57ec772dc822b58f624b08f5423aa992e5c2614
202506,2,00360305,CAIXA ECONOMICA FEDERAL,4010,2080992874927.51,20660789832.93,2101653664760.44,8e19913e741e6805e716b312f57ec772dc822b58f624b08f5423aa992e5c2614
202506,3,60701190,ITAÚ UNIBANCO S.A.,4010,1792629901296.61,193264832662.19,1985894733958.80,8e19913e741e6805e716b312f57ec772dc822b58f624b08f5423aa992e5c2614
202506,4,60746948,BCO BRADESCO S.A.,4010,1551835074262.40,141547172617.27,1693382246879.67,8e19913e741e6805e716b312f57ec772dc822b58f624b08f5423aa992e5c2614
202506,5,90400888,BCO SANTANDER (BRASIL) S.A.,4010,1034612914631.46,120045484944.41,1154658399575.87,8e19913e741e6805e716b312f57ec772dc822b58f624b08f5423aa992e5c2614
202506,6,33657248,BNDES,4010,789459063009.23,98574042054.96,888033105064.19,8e19913e741e6805e716b312f57ec772dc822b58f624b08f5423aa992e5c2614
202506,7,30306294,BANCO BTG PACTUAL S.A.,4010,414646575896.11,80150842419.59,494797418315.70,8e19913e741e6805e716b312f57ec772dc822b58f624b08f5423aa992e5c2614
202506,8,60872504,ITAÚ UNIBANCO HOLDING S.A.,4010,263143020787.52,197597403727.68,460740424515.20,8e19913e741e6805e716b312f57ec772dc822b58f624b08f5423aa992e5c2614
202506,9,58160789,BCO SAFRA S.A.,4010,234751197210.30,12031476571.86,246782673782.16,8e19913e741e6805e716b312f57ec772dc822b58f624b08f5423aa992e5c2614
202506,10,01181521,BCO COOPERATIVO SICREDI S.A.,4010,210863787691.62,278348910.72,211142136602.34,8e19913e741e6805e716b312f57ec772dc822b58f624b08f5423aa992e5c2614
202506,11,33264668,BCO XP S.A.,4010,170920902449.05,18560161033.87,189481063482.92,8e19913e741e6805e716b312f57ec772dc822b58f624b08f5423aa992e5c2614
202506,12,02038232,BANCO SICOOB S.A.,4010,187150837565.86,1507899653.25,188658737219.11,8e19913e741e6805e716b312f57ec772dc822b58f624b08f5423aa992e5c2614
202506,13,33479023,BCO CITIBANK S.A.,4010,182158648051.39,778287768.17,182936935819.56,8e19913e741e6805e716b312f57ec772dc822b58f624b08f5423aa992e5c2614
202506,14,92702067,BCO DO ESTADO DO RS S.A.,4010,150797750631.71,4998577513.31,155796328145.02,8e19913e741e6805e716b312f57ec772dc822b58f624b08f5423aa992e5c2614
202506,15,59588111,BCO VOTORANTIM S.A.,4010,135032131096.69,7261198859.87,142293329956.56,8e19913e741e6805e716b312f57ec772dc822b58f624b08f5423aa992e5c2614
202507,1,00000000,BCO DO BRASIL S.A.,4010,2320983922570.61,78829359977.97,2399813282548.58,d6c4b063a940d729600d3d71fe4be502e63543fc798195102c2de8ec23350106
202507,2,00360305,CAIXA ECONOMICA FEDERAL,4010,2135145351710.80,22081479572.29,2157226831283.09,d6c4b063a940d729600d3d71fe4be502e63543fc798195102c2de8ec23350106
202507,3,60701190,ITAÚ UNIBANCO S.A.,4010,1836598362986.63,194868947940.55,2031467310927.18,d6c4b063a940d729600d3d71fe4be502e63543fc798195102c2de8ec23350106
202507,4,60746948,BCO BRADESCO S.A.,4010,1568069004013.03,143642418978.33,1711711422991.36,d6c4b063a940d729600d3d71fe4be502e63543fc798195102c2de8ec23350106
202507,5,90400888,BCO SANTANDER (BRASIL) S.A.,4010,1037981866848.14,121673843998.43,1159655710846.57,d6c4b063a940d729600d3d71fe4be502e63543fc798195102c2de8ec23350106
202507,6,33657248,BNDES,4010,784027968566.95,98847246709.96,882875215276.91,d6c4b063a940d729600d3d71fe4be502e63543fc798195102c2de8ec23350106
202507,7,30306294,BANCO BTG PACTUAL S.A.,4010,424527728233.08,82093107405.88,506620835638.96,d6c4b063a940d729600d3d71fe4be502e63543fc798195102c2de8ec23350106
202507,8,60872504,ITAÚ UNIBANCO HOLDING S.A.,4010,263507753973.17,198268660700.07,461776414673.24,d6c4b063a940d729600d3d71fe4be502e63543fc798195102c2de8ec23350106
202507,9,58160789,BCO SAFRA S.A.,4010,214951703625.90,12196048529.36,227147752155.26,d6c4b063a940d729600d3d71fe4be502e63543fc798195102c2de8ec23350106
202507,10,01181521,BCO COOPERATIVO SICREDI S.A.,4010,203148586802.95,281375789.96,203429962592.91,d6c4b063a940d729600d3d71fe4be502e63543fc798195102c2de8ec23350106
202507,11,33264668,BCO XP S.A.,4010,171350331897.27,18772575630.78,190122907528.05,d6c4b063a940d729600d3d71fe4be502e63543fc798195102c2de8ec23350106
202507,12,02038232,BANCO SICOOB S.A.,4010,189337769695.52,1546497609.04,190884267304.56,d6c4b063a940d729600d3d71fe4be502e63543fc798195102c2de8ec23350106
202507,13,33479023,BCO CITIBANK S.A.,4010,178668399534.85,811772645.89,179480172180.74,d6c4b063a940d729600d3d71fe4be502e63543fc798195102c2de8ec23350106
202507,14,92702067,BCO DO ESTADO DO RS S.A.,4010,151820181726.89,5051530337.21,156871712064.10,d6c4b063a940d729600d3d71fe4be502e63543fc798195102c2de8ec23350106
202507,15,59588111,BCO VOTORANTIM S.A.,4010,129681570024.93,7403189697.45,137084759722.38,d6c4b063a940d729600d3d71fe4be502e63543fc798195102c2de8ec23350106
202508,1,00000000,BCO DO BRASIL S.A.,4010,2297056752429.57,80753340206.86,2377810092636.43,974e094eeafee6cfbc64a00280dfbe95f43c66c0f9ef9e2dc02603f83382e658
202508,2,00360305,CAIXA ECONOMICA FEDERAL,4010,2116685637521.25,21903314856.74,2138588952377.99,974e094eeafee6cfbc64a00280dfbe95f43c66c0f9ef9e2dc02603f83382e658
202508,3,60701190,ITAÚ UNIBANCO S.A.,4010,1842089496441.53,194300566971.98,2036390063413.51,974e094eeafee6cfbc64a00280dfbe95f43c66c0f9ef9e2dc02603f83382e658
202508,4,60746948,BCO BRADESCO S.A.,4010,1584447102545.91,143689397381.88,1728136499927.79,974e094eeafee6cfbc64a00280dfbe95f43c66c0f9ef9e2dc02603f83382e658
202508,5,90400888,BCO SANTANDER (BRASIL) S.A.,4010,1032120449676.84,120032704060.27,1152153153737.11,974e094eeafee6cfbc64a00280dfbe95f43c66c0f9ef9e2dc02603f83382e658
202508,6,33657248,BNDES,4010,786184899217.97,101675213923.60,887860113141.57,974e094eeafee6cfbc64a00280dfbe95f43c66c0f9ef9e2dc02603f83382e658
202508,7,30306294,BANCO BTG PACTUAL S.A.,4010,424651406414.56,82705737700.98,507357144115.54,974e094eeafee6cfbc64a00280dfbe95f43c66c0f9ef9e2dc02603f83382e658
202508,8,60872504,ITAÚ UNIBANCO HOLDING S.A.,4010,257931153258.31,200647196756.38,458578350014.69,974e094eeafee6cfbc64a00280dfbe95f43c66c0f9ef9e2dc02603f83382e658
202508,9,58160789,BCO SAFRA S.A.,4010,230455554258.03,11423709736.97,241879263995.00,974e094eeafee6cfbc64a00280dfbe95f43c66c0f9ef9e2dc02603f83382e658
202508,10,01181521,BCO COOPERATIVO SICREDI S.A.,4010,217129088788.96,284615142.40,217413703931.36,974e094eeafee6cfbc64a00280dfbe95f43c66c0f9ef9e2dc02603f83382e658
202508,11,33264668,BCO XP S.A.,4010,175343471937.23,18980501675.01,194323973612.24,974e094eeafee6cfbc64a00280dfbe95f43c66c0f9ef9e2dc02603f83382e658
202508,12,02038232,BANCO SICOOB S.A.,4010,192576907058.94,1577912916.73,194154819975.67,974e094eeafee6cfbc64a00280dfbe95f43c66c0f9ef9e2dc02603f83382e658
202508,13,33479023,BCO CITIBANK S.A.,4010,181488710554.38,838862632.94,182327573187.32,974e094eeafee6cfbc64a00280dfbe95f43c66c0f9ef9e2dc02603f83382e658
202508,14,92702067,BCO DO ESTADO DO RS S.A.,4010,155437529110.15,5075006116.87,160512535227.02,974e094eeafee6cfbc64a00280dfbe95f43c66c0f9ef9e2dc02603f83382e658
202508,15,59588111,BCO VOTORANTIM S.A.,4010,129697600355.62,7310355775.55,137007956131.17,974e094eeafee6cfbc64a00280dfbe95f43c66c0f9ef9e2dc02603f83382e658
202509,1,00000000,BCO DO BRASIL S.A.,4010,2348487054744.50,82170445635.34,2430657500379.84,ff36100529530c4ced654100cc0cca3806b4b07de8523e1bb7c9dd534f9d0203
202509,2,00360305,CAIXA ECONOMICA FEDERAL,4010,2170571011320.92,23253585250.41,2193824596571.33,ff36100529530c4ced654100cc0cca3806b4b07de8523e1bb7c9dd534f9d0203
202509,3,60701190,ITAÚ UNIBANCO S.A.,4010,1876187450214.34,182105803733.56,2058293253947.90,ff36100529530c4ced654100cc0cca3806b4b07de8523e1bb7c9dd534f9d0203
202509,4,60746948,BCO BRADESCO S.A.,4010,1603162569430.93,144227894900.85,1747390464331.78,ff36100529530c4ced654100cc0cca3806b4b07de8523e1bb7c9dd534f9d0203
202509,5,90400888,BCO SANTANDER (BRASIL) S.A.,4010,1068892686660.25,118921031390.26,1187813718050.51,ff36100529530c4ced654100cc0cca3806b4b07de8523e1bb7c9dd534f9d0203
202509,6,33657248,BNDES,4010,804160672034.79,101059402055.98,905220074090.77,ff36100529530c4ced654100cc0cca3806b4b07de8523e1bb7c9dd534f9d0203
202509,7,30306294,BANCO BTG PACTUAL S.A.,4010,446377712547.51,80339372349.86,526717084897.37,ff36100529530c4ced654100cc0cca3806b4b07de8523e1bb7c9dd534f9d0203
202509,8,60872504,ITAÚ UNIBANCO HOLDING S.A.,4010,257871524779.89,201719243665.52,459590768445.41,ff36100529530c4ced654100cc0cca3806b4b07de8523e1bb7c9dd534f9d0203
202509,9,58160789,BCO SAFRA S.A.,4010,236674973896.66,11569181464.15,248244155360.81,ff36100529530c4ced654100cc0cca3806b4b07de8523e1bb7c9dd534f9d0203
202509,10,01181521,BCO COOPERATIVO SICREDI S.A.,4010,218202852478.50,287884325.98,218490736804.48,ff36100529530c4ced654100cc0cca3806b4b07de8523e1bb7c9dd534f9d0203
202509,11,33264668,BCO XP S.A.,4010,177093544753.14,19068390486.57,196161935239.71,ff36100529530c4ced654100cc0cca3806b4b07de8523e1bb7c9dd534f9d0203
202509,12,02038232,BANCO SICOOB S.A.,4010,200173994245.91,1611760759.47,201785755005.38,ff36100529530c4ced654100cc0cca3806b4b07de8523e1bb7c9dd534f9d0203
202509,13,33479023,BCO CITIBANK S.A.,4010,187889627574.30,867131200.24,188756758774.54,ff36100529530c4ced654100cc0cca3806b4b07de8523e1bb7c9dd534f9d0203
202509,14,92702067,BCO DO ESTADO DO RS S.A.,4010,153184657193.22,5140083048.29,158324740241.51,ff36100529530c4ced654100cc0cca3806b4b07de8523e1bb7c9dd534f9d0203
202509,15,59588111,BCO VOTORANTIM S.A.,4010,137452581443.54,7300635636.43,144753217079.97,ff36100529530c4ced654100cc0cca3806b4b07de8523e1bb7c9dd534f9d0203
202510,1,00000000,BCO DO BRASIL S.A.,4010,2309759924328.50,84006806309.43,2393766730637.93,8cc1b38a2d4ec9724b9ee47aa9a3375ce9cf4f23c088f5b9e0080a3d0a9f4fb5
202510,2,00360305,CAIXA ECONOMICA FEDERAL,4010,2178492279937.04,24121520089.01,2202613800026.05,8cc1b38a2d4ec9724b9ee47aa9a3375ce9cf4f23c088f5b9e0080a3d0a9f4fb5
202510,3,60701190,ITAÚ UNIBANCO S.A.,4010,1882908413519.14,185147960052.36,2068056373571.50,8cc1b38a2d4ec9724b9ee47aa9a3375ce9cf4f23c088f5b9e0080a3d0a9f4fb5
202510,4,60746948,BCO BRADESCO S.A.,4010,1633051182290.06,146070462238.85,1779121644528.91,8cc1b38a2d4ec9724b9ee47aa9a3375ce9cf4f23c088f5b9e0080a3d0a9f4fb5
202510,5,90400888,BCO SANTANDER (BRASIL) S.A.,4010,1075199572641.32,113102054164.49,1188301626805.81,8cc1b38a2d4ec9724b9ee47aa9a3375ce9cf4f23c088f5b9e0080a3d0a9f4fb5
202510,6,33657248,BNDES,4010,821072077533.14,100144396319.53,921216473852.67,8cc1b38a2d4ec9724b9ee47aa9a3375ce9cf4f23c088f5b9e0080a3d0a9f4fb5
202510,7,30306294,BANCO BTG PACTUAL S.A.,4010,468794382243.89,82507952529.21,551302334773.10,8cc1b38a2d4ec9724b9ee47aa9a3375ce9cf4f23c088f5b9e0080a3d0a9f4fb5
202510,8,60872504,ITAÚ UNIBANCO HOLDING S.A.,4010,263403243354.20,205630790724.71,469034034078.91,8cc1b38a2d4ec9724b9ee47aa9a3375ce9cf4f23c088f5b9e0080a3d0a9f4fb5
202510,9,58160789,BCO SAFRA S.A.,4010,242733080200.76,10433435367.54,253166515568.30,8cc1b38a2d4ec9724b9ee47aa9a3375ce9cf4f23c088f5b9e0080a3d0a9f4fb5
202510,10,01181521,BCO COOPERATIVO SICREDI S.A.,4010,225015704504.00,282456134.10,225298160638.10,8cc1b38a2d4ec9724b9ee47aa9a3375ce9cf4f23c088f5b9e0080a3d0a9f4fb5
202510,11,33264668,BCO XP S.A.,4010,174568791807.32,18283830027.03,192852621834.35,8cc1b38a2d4ec9724b9ee47aa9a3375ce9cf4f23c088f5b9e0080a3d0a9f4fb5
202510,12,02038232,BANCO SICOOB S.A.,4010,205015510730.31,1650030212.49,206665540942.80,8cc1b38a2d4ec9724b9ee47aa9a3375ce9cf4f23c088f5b9e0080a3d0a9f4fb5
202510,13,33479023,BCO CITIBANK S.A.,4010,181754182050.18,892895227.49,182647077277.67,8cc1b38a2d4ec9724b9ee47aa9a3375ce9cf4f23c088f5b9e0080a3d0a9f4fb5
202510,14,92702067,BCO DO ESTADO DO RS S.A.,4010,154467815090.23,5200465634.37,159668280724.60,8cc1b38a2d4ec9724b9ee47aa9a3375ce9cf4f23c088f5b9e0080a3d0a9f4fb5
202510,15,59588111,BCO VOTORANTIM S.A.,4010,137421752434.46,7372876492.65,144794628927.11,8cc1b38a2d4ec9724b9ee47aa9a3375ce9cf4f23c088f5b9e0080a3d0a9f4fb5
202511,1,00000000,BCO DO BRASIL S.A.,4010,2293386674541.00,86270730851.77,2379657405392.77,7d9b416436fcd7b02ad8ec8961c31a5276930d62033cc1d607d14d247e319709
202511,2,00360305,CAIXA ECONOMICA FEDERAL,4010,2187362830253.84,24599571893.99,2211962402147.83,7d9b416436fcd7b02ad8ec8961c31a5276930d62033cc1d607d14d247e319709
202511,3,60701190,ITAÚ UNIBANCO S.A.,4010,1887153640839.66,186420406743.04,2073574047582.70,7d9b416436fcd7b02ad8ec8961c31a5276930d62033cc1d607d14d247e319709
202511,4,60746948,BCO BRADESCO S.A.,4010,1661639290100.00,147476571559.99,1809115861659.99,7d9b416436fcd7b02ad8ec8961c31a5276930d62033cc1d607d14d247e319709
202511,5,90400888,BCO SANTANDER (BRASIL) S.A.,4010,1077498597270.39,113857537757.00,1191356135027.39,7d9b416436fcd7b02ad8ec8961c31a5276930d62033cc1d607d14d247e319709
202511,6,33657248,BNDES,4010,837721662586.04,104228216210.93,941949878796.97,7d9b416436fcd7b02ad8ec8961c31a5276930d62033cc1d607d14d247e319709
202511,7,30306294,BANCO BTG PACTUAL S.A.,4010,501834326015.46,83498919576.97,585333245592.43,7d9b416436fcd7b02ad8ec8961c31a5276930d62033cc1d607d14d247e319709
202511,8,60872504,ITAÚ UNIBANCO HOLDING S.A.,4010,286116859871.98,193649697237.11,479766557109.09,7d9b416436fcd7b02ad8ec8961c31a5276930d62033cc1d607d14d247e319709
202511,9,58160789,BCO SAFRA S.A.,4010,253154509849.87,10593532116.64,263748041966.51,7d9b416436fcd7b02ad8ec8961c31a5276930d62033cc1d607d14d247e319709
202511,10,01181521,BCO COOPERATIVO SICREDI S.A.,4010,218436949628.85,283643654.89,218720593283.74,7d9b416436fcd7b02ad8ec8961c31a5276930d62033cc1d607d14d247e319709
202511,11,33264668,BCO XP S.A.,4010,184336688821.54,18390796151.33,202727484972.87,7d9b416436fcd7b02ad8ec8961c31a5276930d62033cc1d607d14d247e319709
202511,12,02038232,BANCO SICOOB S.A.,4010,204765307881.86,1688077276.20,206453385158.06,7d9b416436fcd7b02ad8ec8961c31a5276930d62033cc1d607d14d247e319709
202511,13,33479023,BCO CITIBANK S.A.,4010,187101553871.87,909773777.81,188011327649.68,7d9b416436fcd7b02ad8ec8961c31a5276930d62033cc1d607d14d247e319709
202511,14,92702067,BCO DO ESTADO DO RS S.A.,4010,157426035595.45,5262977495.28,162689013090.73,7d9b416436fcd7b02ad8ec8961c31a5276930d62033cc1d607d14d247e319709
202511,15,59588111,BCO VOTORANTIM S.A.,4010,140840789059.63,7254953405.15,148095742464.78,7d9b416436fcd7b02ad8ec8961c31a5276930d62033cc1d607d14d247e319709
202512,1,00000000,BCO DO BRASIL S.A.,4010,2259788502441.17,81383632381.06,2341172134822.23,fd2af0b45df3928f84ea7510b7a4453c22eea936e502b7b0b6b04e6088369641
202512,2,00360305,CAIXA ECONOMICA FEDERAL,4010,2177504257449.95,25594250668.36,2203098508118.31,fd2af0b45df3928f84ea7510b7a4453c22eea936e502b7b0b6b04e6088369641
202512,3,60701190,ITAÚ UNIBANCO S.A.,4010,1889953400265.57,186811689336.97,2076765089602.54,fd2af0b45df3928f84ea7510b7a4453c22eea936e502b7b0b6b04e6088369641
202512,4,60746948,BCO BRADESCO S.A.,4010,1698411143959.61,150868978415.05,1849280122374.66,fd2af0b45df3928f84ea7510b7a4453c22eea936e502b7b0b6b04e6088369641
202512,5,90400888,BCO SANTANDER (BRASIL) S.A.,4010,1078213842418.34,106613362540.73,1184827204959.07,fd2af0b45df3928f84ea7510b7a4453c22eea936e502b7b0b6b04e6088369641
202512,6,33657248,BNDES,4010,860613579909.36,102633997679.17,963247577588.53,fd2af0b45df3928f84ea7510b7a4453c22eea936e502b7b0b6b04e6088369641
202512,7,30306294,BANCO BTG PACTUAL S.A.,4010,538881482019.72,90040243406.62,628921725426.34,fd2af0b45df3928f84ea7510b7a4453c22eea936e502b7b0b6b04e6088369641
202512,8,60872504,ITAÚ UNIBANCO HOLDING S.A.,4010,265946941797.74,197471482170.31,463418423968.05,fd2af0b45df3928f84ea7510b7a4453c22eea936e502b7b0b6b04e6088369641
202512,9,58160789,BCO SAFRA S.A.,4010,248710378502.04,10669981041.88,259380359543.92,fd2af0b45df3928f84ea7510b7a4453c22eea936e502b7b0b6b04e6088369641
202512,10,01181521,BCO COOPERATIVO SICREDI S.A.,4010,221890668731.35,284636437.95,222175305169.30,fd2af0b45df3928f84ea7510b7a4453c22eea936e502b7b0b6b04e6088369641
202512,11,33264668,BCO XP S.A.,4010,189933779220.27,18222213748.64,208155992968.91,fd2af0b45df3928f84ea7510b7a4453c22eea936e502b7b0b6b04e6088369641
202512,12,02038232,BANCO SICOOB S.A.,4010,190010017625.09,1693854441.19,191703872066.28,fd2af0b45df3928f84ea7510b7a4453c22eea936e502b7b0b6b04e6088369641
202512,13,33479023,BCO CITIBANK S.A.,4010,186729378179.59,614123468.02,187343501647.61,fd2af0b45df3928f84ea7510b7a4453c22eea936e502b7b0b6b04e6088369641
202512,14,92702067,BCO DO ESTADO DO RS S.A.,4010,158501943958.59,5184115749.38,163686059707.97,fd2af0b45df3928f84ea7510b7a4453c22eea936e502b7b0b6b04e6088369641
202512,15,59588111,BCO VOTORANTIM S.A.,4010,126773946566.66,7363238019.71,134137184586.37,fd2af0b45df3928f84ea7510b7a4453c22eea936e502b7b0b6b04e6088369641
202601,1,00000000,BCO DO BRASIL S.A.,4010,2302611833796.09,81981372735.65,2384593206531.74,d99a014547ae7a433e11bb01c2c2c5236394328e9ddfc23b7edf28608723828d
202601,2,00360305,CAIXA ECONOMICA FEDERAL,4010,2202607119711.25,25744288927.55,2228351408638.80,d99a014547ae7a433e11bb01c2c2c5236394328e9ddfc23b7edf28608723828d
202601,3,60701190,ITAÚ UNIBANCO S.A.,4010,1938833180143.60,184593113352.08,2123426293495.68,d99a014547ae7a433e11bb01c2c2c5236394328e9ddfc23b7edf28608723828d
202601,4,60746948,BCO BRADESCO S.A.,4010,1703306155387.25,152793752781.27,1856099908168.52,d99a014547ae7a433e11bb01c2c2c5236394328e9ddfc23b7edf28608723828d
202601,5,90400888,BCO SANTANDER (BRASIL) S.A.,4010,1087537936512.71,104166567270.72,1191704503783.43,d99a014547ae7a433e11bb01c2c2c5236394328e9ddfc23b7edf28608723828d
202601,6,33657248,BNDES,4010,856566780583.02,107827800471.14,964394581054.16,d99a014547ae7a433e11bb01c2c2c5236394328e9ddfc23b7edf28608723828d
202601,7,30306294,BANCO BTG PACTUAL S.A.,4010,569596226175.34,91348512298.86,660944738474.20,d99a014547ae7a433e11bb01c2c2c5236394328e9ddfc23b7edf28608723828d
202601,8,60872504,ITAÚ UNIBANCO HOLDING S.A.,4010,268536136384.23,199224432788.06,467760569172.29,d99a014547ae7a433e11bb01c2c2c5236394328e9ddfc23b7edf28608723828d
202601,9,58160789,BCO SAFRA S.A.,4010,250494484291.60,10788843116.22,261283327407.82,d99a014547ae7a433e11bb01c2c2c5236394328e9ddfc23b7edf28608723828d
202601,10,01181521,BCO COOPERATIVO SICREDI S.A.,4010,229951356628.78,287473285.68,230238829914.46,d99a014547ae7a433e11bb01c2c2c5236394328e9ddfc23b7edf28608723828d
202601,11,33264668,BCO XP S.A.,4010,207401862310.30,18351423958.54,225753286268.84,d99a014547ae7a433e11bb01c2c2c5236394328e9ddfc23b7edf28608723828d
202601,12,02038232,BANCO SICOOB S.A.,4010,193647447485.35,1729527397.67,195376974883.02,d99a014547ae7a433e11bb01c2c2c5236394328e9ddfc23b7edf28608723828d
202601,13,33479023,BCO CITIBANK S.A.,4010,173903767002.79,653171642.22,174556938645.01,d99a014547ae7a433e11bb01c2c2c5236394328e9ddfc23b7edf28608723828d
202601,14,92702067,BCO DO ESTADO DO RS S.A.,4010,158957128217.14,5272750843.65,164229879060.79,d99a014547ae7a433e11bb01c2c2c5236394328e9ddfc23b7edf28608723828d
202601,15,59588111,BCO VOTORANTIM S.A.,4010,136260571214.48,6908312677.90,143168883892.38,d99a014547ae7a433e11bb01c2c2c5236394328e9ddfc23b7edf28608723828d
202602,1,00000000,BCO DO BRASIL S.A.,4010,2326211520322.99,83024930795.39,2409236451118.38,42b895b9ac76dbd855a5ad8e93909bcf6594a318620de0e3c35e1d0f6e580958
202602,2,00360305,CAIXA ECONOMICA FEDERAL,4010,2191980638987.17,26423370414.33,2218404009401.50,42b895b9ac76dbd855a5ad8e93909bcf6594a318620de0e3c35e1d0f6e580958
202602,3,60701190,ITAÚ UNIBANCO S.A.,4010,1953907597277.62,183898529402.38,2137806126680.00,42b895b9ac76dbd855a5ad8e93909bcf6594a318620de0e3c35e1d0f6e580958
202602,4,60746948,BCO BRADESCO S.A.,4010,1683210486219.61,153935698883.86,1837146185103.47,42b895b9ac76dbd855a5ad8e93909bcf6594a318620de0e3c35e1d0f6e580958
202602,5,90400888,BCO SANTANDER (BRASIL) S.A.,4010,1063915773160.49,103923162889.78,1167838936050.27,42b895b9ac76dbd855a5ad8e93909bcf6594a318620de0e3c35e1d0f6e580958
202602,6,33657248,BNDES,4010,857446944342.41,111029010454.28,968475954796.69,42b895b9ac76dbd855a5ad8e93909bcf6594a318620de0e3c35e1d0f6e580958
202602,7,30306294,BANCO BTG PACTUAL S.A.,4010,553505695502.93,91415594290.57,644921289793.50,42b895b9ac76dbd855a5ad8e93909bcf6594a318620de0e3c35e1d0f6e580958
202602,8,60872504,ITAÚ UNIBANCO HOLDING S.A.,4010,267972893167.83,200501883722.32,468474776890.15,42b895b9ac76dbd855a5ad8e93909bcf6594a318620de0e3c35e1d0f6e580958
202602,9,58160789,BCO SAFRA S.A.,4010,252146751344.43,10880274312.67,263027025657.10,42b895b9ac76dbd855a5ad8e93909bcf6594a318620de0e3c35e1d0f6e580958
202602,10,01181521,BCO COOPERATIVO SICREDI S.A.,4010,228144422573.77,289571887.42,228433994461.19,42b895b9ac76dbd855a5ad8e93909bcf6594a318620de0e3c35e1d0f6e580958
202602,11,33264668,BCO XP S.A.,4010,200339184652.67,18609789852.34,218948974505.01,42b895b9ac76dbd855a5ad8e93909bcf6594a318620de0e3c35e1d0f6e580958
202602,12,02038232,BANCO SICOOB S.A.,4010,194149429496.02,1757997159.63,195907426655.65,42b895b9ac76dbd855a5ad8e93909bcf6594a318620de0e3c35e1d0f6e580958
202602,13,33479023,BCO CITIBANK S.A.,4010,160130132883.02,671062532.63,160801195415.65,42b895b9ac76dbd855a5ad8e93909bcf6594a318620de0e3c35e1d0f6e580958
202602,14,92702067,BCO DO ESTADO DO RS S.A.,4010,159196832112.45,5325857537.96,164522689650.41,42b895b9ac76dbd855a5ad8e93909bcf6594a318620de0e3c35e1d0f6e580958
202602,15,59588111,BCO VOTORANTIM S.A.,4010,139619429419.06,6940283259.38,146559712678.44,42b895b9ac76dbd855a5ad8e93909bcf6594a318620de0e3c35e1d0f6e580958
202603,1,00000000,BCO DO BRASIL S.A.,4010,2409477025240.00,84597526587.91,2494074551827.91,7182290443ade7d8de26c8e0522ac2ae946a754f88065037725421b32441571d
202603,2,00360305,CAIXA ECONOMICA FEDERAL,4010,2314331876412.94,27091461894.47,2341423338307.41,7182290443ade7d8de26c8e0522ac2ae946a754f88065037725421b32441571d
202603,3,60701190,ITAÚ UNIBANCO S.A.,4010,1977786100833.08,186611163549.04,2164397264382.12,7182290443ade7d8de26c8e0522ac2ae946a754f88065037725421b32441571d
202603,4,60746948,BCO BRADESCO S.A.,4010,1770702036575.05,155605328911.65,1926307365486.70,7182290443ade7d8de26c8e0522ac2ae946a754f88065037725421b32441571d
202603,5,90400888,BCO SANTANDER (BRASIL) S.A.,4010,1108085717450.60,105353973904.74,1213439691355.34,7182290443ade7d8de26c8e0522ac2ae946a754f88065037725421b32441571d
202603,6,33657248,BNDES,4010,874633270285.35,118358411557.50,992991681842.85,7182290443ade7d8de26c8e0522ac2ae946a754f88065037725421b32441571d
202603,7,30306294,BANCO BTG PACTUAL S.A.,4010,564922202070.08,92086483407.53,657008685477.61,7182290443ade7d8de26c8e0522ac2ae946a754f88065037725421b32441571d
202603,8,60872504,ITAÚ UNIBANCO HOLDING S.A.,4010,270566128911.56,201765924280.40,472332053191.96,7182290443ade7d8de26c8e0522ac2ae946a754f88065037725421b32441571d
202603,9,58160789,BCO SAFRA S.A.,4010,257603353273.97,11014901748.53,268618255022.50,7182290443ade7d8de26c8e0522ac2ae946a754f88065037725421b32441571d
202603,10,01181521,BCO COOPERATIVO SICREDI S.A.,4010,227659154859.88,300482058.32,227959636918.20,7182290443ade7d8de26c8e0522ac2ae946a754f88065037725421b32441571d
202603,11,33264668,BCO XP S.A.,4010,207730126020.72,18506682427.36,226236808448.08,7182290443ade7d8de26c8e0522ac2ae946a754f88065037725421b32441571d
202603,12,02038232,BANCO SICOOB S.A.,4010,201995363841.80,1798768523.19,203794132364.99,7182290443ade7d8de26c8e0522ac2ae946a754f88065037725421b32441571d
202603,13,33479023,BCO CITIBANK S.A.,4010,168510712750.51,704054826.25,169214767576.76,7182290443ade7d8de26c8e0522ac2ae946a754f88065037725421b32441571d
202603,14,92702067,BCO DO ESTADO DO RS S.A.,4010,158918280419.38,5286396389.00,164204676808.38,7182290443ade7d8de26c8e0522ac2ae946a754f88065037725421b32441571d
202603,15,59588111,BCO VOTORANTIM S.A.,4010,137744517768.50,7000144807.96,144744662576.46,7182290443ade7d8de26c8e0522ac2ae946a754f88065037725421b32441571d
